,Unnamed: 0,Date,Category,title,href,freeShipping,numsold,rating,noofcomment
0,29,2023-03-12 21:29:33.065583,Budget Gaming PC,CUSTOM GAMING PC / PC GAMING / DESKTOP / GTX / INTEL / PUBG / VALORANT CPU,/CUSTOM-GAMING-PC-PC-GAMING-DESKTOP-GTX-INTEL-PUBG-VALORANT-CPU-i.21535037.2773377538,Yes,7.0,5.0,138.0
1,29,2023-03-12 21:29:38.463200,Ironless Blouse,HERNES BLOUSE ERINA  BLOUSE IRONLESS BLOUSE MUSLIMAH POCKECT BLOUSE KNITED TSHIRT MUSLIMAH BLOUSE LABUH BLOUSE PLUS SIZE,/HERNES-BLOUSE-ERINA-BLOUSE-IRONLESS-BLOUSE-MUSLIMAH-POCKECT-BLOUSE-KNITED-TSHIRT-MUSLIMAH-BLOUSE-LABUH-BLOUSE-PLUS-SIZE-i.126008214.5362846216,Yes,19.0,5.0,2617.0
2,29,2023-03-12 21:29:43.838884,Muslimah Suit,BAJU SUiT (Blouse +seluar) MUSLIMAH SET SELUAR PREMIUM MOSSCREPE PART 2,/BAJU-SUiT-(Blouse-seluar)-MUSLIMAH-SET-SELUAR-PREMIUM-MOSSCREPE-PART-2-i.366134496.5892289887,Yes,227.0,5.0,273.0
3,29,2023-03-12 21:29:49.212971,Computer Desktop,( HP Core 2 Duo Full Set REFURBISHED ) HP COMPAQ 6000 SFF 2-4 gb DDR3 / DESKTOP /17''- 19'' LCD BLACK,/(-HP-Core-2-Duo-Full-Set-REFURBISHED-)-HP-COMPAQ-6000-SFF-2-4-gb-DDR3-DESKTOP-17''-19''-LCD-BLACK-i.206155856.17147594446,Yes,8.0,5.0,33.0
4,29,2023-03-12 21:29:54.593218,Computer Monitor,"VIEWSONIC 27"" VX2718-PC-MHD (CURVED) / VX2718-P-MHD (FLAT) LED FULL HD VA GAMING LCD MONITOR (1MS, 165Hz, SPEAKER, VESA)",/VIEWSONIC-27-VX2718-PC-MHD-(CURVED)-VX2718-P-MHD-(FLAT)-LED-FULL-HD-VA-GAMING-LCD-MONITOR-(1MS-165Hz-SPEAKER-VESA)-i.29242218.1357813684,Yes,40.0,5.0,221.0
5,29,2023-03-12 21:30:00.001341,Muslimah Blouse,Cotton crepe  muslimah blouse (ready stock)BL3051,/Cotton-crepe-muslimah-blouse-(ready-stock)BL3051-i.191078204.11737037184,Yes,43.0,5.0,509.0
6,29,2023-03-12 22:30:15.092648,TWS Wireless Earbuds,TWS M25 Bluetooth Earphone Wireless Headphone 9D Stereo Sports Gaming Earbuds LED Mic Wireless Earbud Fon Telinga Êó†Á∫øËìùÁâôËÄ≥Êú∫,/TWS-M25-Bluetooth-Earphone-Wireless-Headphone-9D-Stereo-Sports-Gaming-Earbuds-LED-Mic-Wireless-Earbud-Fon-Telinga-Êó†Á∫øËìùÁâôËÄ≥Êú∫-i.144305769.2311868191,Yes,242.0,5.0,12220.0
7,29,2023-03-12 22:30:20.504993,Comfy Home Slipper,Candia Women Ladies Anti Slip Indoor Slipper Thick Sole Slip On Sandals J2E2215,/Candia-Women-Ladies-Anti-Slip-Indoor-Slipper-Thick-Sole-Slip-On-Sandals-J2E2215-i.128204291.19762457022,Yes,154.0,5.0,162.0
8,29,2023-03-12 22:30:25.866199,Variety Of Sambal,SAMBAL HIJAU POTAI MELIMPAH,/SAMBAL-HIJAU-POTAI-MELIMPAH-i.697731812.23008184923,Yes,139.0,5.0,196.0
9,29,2023-03-12 22:30:31.228646,Sampul Raya,Sampul Duit Raya 2023 | 1 PACK (5 PCS) | 12 Design EXCLUSIVE | READY STOCK | Fast Delivery !,/Sampul-Duit-Raya-2023-1-PACK-(5-PCS)-12-Design-EXCLUSIVE-READY-STOCK-Fast-Delivery-!-i.326363516.8518748738,Yes,160.0,5.0,1607.0
10,29,2023-03-12 22:30:36.588413,Spender Panties,BUTTON CO PLUS SIZE M - XXL HIGH WAIST WOMEN PANTIES SPENDER UNDERWEAR SELUAR DALAM WANITA PEREMPUAN Â•≥ÁîüÂÜÖË£§  HW PLAIN 306,/BUTTON-CO-PLUS-SIZE-M-XXL-HIGH-WAIST-WOMEN-PANTIES-SPENDER-UNDERWEAR-SELUAR-DALAM-WANITA-PEREMPUAN-Â•≥ÁîüÂÜÖË£§-HW-PLAIN-306-i.389225218.10587142699,Yes,447.0,5.0,1014.0
11,29,2023-03-12 22:30:41.968529,Soft Knitting Yarn,Milk Cotton 4 Ply Colour Benang Kait 4 Ply Knitting Yarn Milk Cotton Crockhet Yarn Good Quality Sweet Colour,/Milk-Cotton-4-Ply-Colour-Benang-Kait-4-Ply-Knitting-Yarn-Milk-Cotton-Crockhet-Yarn-Good-Quality-Sweet-Colour-i.471574486.8174645676,Yes,256.0,5.0,183.0
12,29,2023-03-12 23:30:55.502425,TWS Wireless Earbuds,TWS M25 Bluetooth Earphone Wireless Headphone 9D Stereo Sports Gaming Earbuds LED Mic Wireless Earbud Fon Telinga Êó†Á∫øËìùÁâôËÄ≥Êú∫,/TWS-M25-Bluetooth-Earphone-Wireless-Headphone-9D-Stereo-Sports-Gaming-Earbuds-LED-Mic-Wireless-Earbud-Fon-Telinga-Êó†Á∫øËìùÁâôËÄ≥Êú∫-i.144305769.2311868191,Yes,242.0,5.0,12221.0
13,29,2023-03-12 23:31:00.946374,Comfy Home Slipper,Candia Women Ladies Anti Slip Indoor Slipper Thick Sole Slip On Sandals J2E2215,/Candia-Women-Ladies-Anti-Slip-Indoor-Slipper-Thick-Sole-Slip-On-Sandals-J2E2215-i.128204291.19762457022,Yes,154.0,5.0,162.0
14,29,2023-03-12 23:31:06.400962,Variety Of Sambal,SAMBAL HIJAU POTAI MELIMPAH,/SAMBAL-HIJAU-POTAI-MELIMPAH-i.697731812.23008184923,Yes,139.0,5.0,196.0
15,29,2023-03-12 23:31:11.761928,Sampul Raya,Sampul Duit Raya 2023 | 1 PACK (5 PCS) | 12 Design EXCLUSIVE | READY STOCK | Fast Delivery !,/Sampul-Duit-Raya-2023-1-PACK-(5-PCS)-12-Design-EXCLUSIVE-READY-STOCK-Fast-Delivery-!-i.326363516.8518748738,Yes,160.0,5.0,1607.0
16,29,2023-03-12 23:31:17.113033,Spender Panties,BUTTON CO PLUS SIZE M - XXL HIGH WAIST WOMEN PANTIES SPENDER UNDERWEAR SELUAR DALAM WANITA PEREMPUAN Â•≥ÁîüÂÜÖË£§  HW PLAIN 306,/BUTTON-CO-PLUS-SIZE-M-XXL-HIGH-WAIST-WOMEN-PANTIES-SPENDER-UNDERWEAR-SELUAR-DALAM-WANITA-PEREMPUAN-Â•≥ÁîüÂÜÖË£§-HW-PLAIN-306-i.389225218.10587142699,Yes,447.0,5.0,1014.0
17,29,2023-03-12 23:31:22.461580,Soft Knitting Yarn,Milk Cotton 4 Ply Colour Benang Kait 4 Ply Knitting Yarn Milk Cotton Crockhet Yarn Good Quality Sweet Colour,/Milk-Cotton-4-Ply-Colour-Benang-Kait-4-Ply-Knitting-Yarn-Milk-Cotton-Crockhet-Yarn-Good-Quality-Sweet-Colour-i.471574486.8174645676,Yes,256.0,5.0,183.0
18,29,2023-03-13 00:31:35.991745,TWS Wireless Earbuds,TWS M25 Bluetooth Earphone Wireless Headphone 9D Stereo Sports Gaming Earbuds LED Mic Wireless Earbud Fon Telinga Êó†Á∫øËìùÁâôËÄ≥Êú∫,/TWS-M25-Bluetooth-Earphone-Wireless-Headphone-9D-Stereo-Sports-Gaming-Earbuds-LED-Mic-Wireless-Earbud-Fon-Telinga-Êó†Á∫øËìùÁâôËÄ≥Êú∫-i.144305769.2311868191,Yes,242.0,5.0,12222.0
19,29,2023-03-13 00:31:41.389425,Comfy Home Slipper,Candia Women Ladies Anti Slip Indoor Slipper Thick Sole Slip On Sandals J2E2215,/Candia-Women-Ladies-Anti-Slip-Indoor-Slipper-Thick-Sole-Slip-On-Sandals-J2E2215-i.128204291.19762457022,Yes,154.0,5.0,162.0
20,29,2023-03-13 00:31:46.772117,Variety Of Sambal,SAMBAL HIJAU POTAI MELIMPAH,/SAMBAL-HIJAU-POTAI-MELIMPAH-i.697731812.23008184923,Yes,139.0,5.0,196.0
21,29,2023-03-13 00:31:52.138656,Sampul Raya,Sampul Duit Raya 2023 | 1 PACK (5 PCS) | 12 Design EXCLUSIVE | READY STOCK | Fast Delivery !,/Sampul-Duit-Raya-2023-1-PACK-(5-PCS)-12-Design-EXCLUSIVE-READY-STOCK-Fast-Delivery-!-i.326363516.8518748738,Yes,160.0,5.0,1607.0
22,29,2023-03-13 00:31:57.584462,Spender Panties,BUTTON CO PLUS SIZE M - XXL HIGH WAIST WOMEN PANTIES SPENDER UNDERWEAR SELUAR DALAM WANITA PEREMPUAN Â•≥ÁîüÂÜÖË£§  HW PLAIN 306,/BUTTON-CO-PLUS-SIZE-M-XXL-HIGH-WAIST-WOMEN-PANTIES-SPENDER-UNDERWEAR-SELUAR-DALAM-WANITA-PEREMPUAN-Â•≥ÁîüÂÜÖË£§-HW-PLAIN-306-i.389225218.10587142699,Yes,447.0,5.0,1014.0
23,29,2023-03-13 00:32:02.948030,Soft Knitting Yarn,Milk Cotton 4 Ply Colour Benang Kait 4 Ply Knitting Yarn Milk Cotton Crockhet Yarn Good Quality Sweet Colour,/Milk-Cotton-4-Ply-Colour-Benang-Kait-4-Ply-Knitting-Yarn-Milk-Cotton-Crockhet-Yarn-Good-Quality-Sweet-Colour-i.471574486.8174645676,Yes,256.0,5.0,183.0
24,29,2023-03-13 01:32:17.057355,Comfy Home Slipper,Candia Women Ladies Anti Slip Indoor Slipper Thick Sole Slip On Sandals J2E2215,/Candia-Women-Ladies-Anti-Slip-Indoor-Slipper-Thick-Sole-Slip-On-Sandals-J2E2215-i.128204291.19762457022,Yes,154.0,5.0,162.0
25,29,2023-03-13 01:32:22.424512,TWS Wireless Earbuds,TWS M25 Bluetooth Earphone Wireless Headphone 9D Stereo Sports Gaming Earbuds LED Mic Wireless Earbud Fon Telinga Êó†Á∫øËìùÁâôËÄ≥Êú∫,/TWS-M25-Bluetooth-Earphone-Wireless-Headphone-9D-Stereo-Sports-Gaming-Earbuds-LED-Mic-Wireless-Earbud-Fon-Telinga-Êó†Á∫øËìùÁâôËÄ≥Êú∫-i.144305769.2311868191,Yes,242.0,5.0,12222.0
26,29,2023-03-13 01:32:27.777706,Spender Panties,High Waist Women Spender Celana Panties Underwear Seluar Dalam Wanita  Plus Size Breathable  Ladies Cotton ÂÜÖË§≤,/High-Waist-Women-Spender-Celana-Panties-Underwear-Seluar-Dalam-Wanita-Plus-Size-Breathable-Ladies-Cotton-ÂÜÖË§≤-i.415497057.11015150085,Yes,454.0,5.0,951.0
27,29,2023-03-13 01:32:33.128138,Seamless Silk Panties,Ready Stock Premium Quality High Waist High Elastic 3D Honeycomb Underwear Panties Warm Seluar Dalam Free Size,/Ready-Stock-Premium-Quality-High-Waist-High-Elastic-3D-Honeycomb-Underwear-Panties-Warm-Seluar-Dalam-Free-Size-i.2664101.9705907255,Yes,416.0,5.0,1745.0
28,29,2023-03-13 01:32:38.470399,Comfortable Tudung Sarung,TUDUNG SARUNG COTTON SAIZ XL ANTI KEDUT/IRONLESS/TUDUNG TRAVEL/ALTAHIR/ALFARO,/TUDUNG-SARUNG-COTTON-SAIZ-XL-ANTI-KEDUT-IRONLESS-TUDUNG-TRAVEL-ALTAHIR-ALFARO-i.93404946.21104245425,Yes,393.0,5.0,992.0
29,29,2023-03-13 01:32:43.814513,Cotton Socks,NBV Unisex Socks Funny Cute Cartoon Fruits Banana Avocado Lemon Egg Cookie Donuts Food Harajuku skateboard Maternity,/NBV-Unisex-Socks-Funny-Cute-Cartoon-Fruits-Banana-Avocado-Lemon-Egg-Cookie-Donuts-Food-Harajuku-skateboard-Maternity-i.19131635.6319928765,Yes,462.0,5.0,671.0
30,29,2023-03-13 02:32:59.231639,TWS Wireless Earbuds,TWS M25 Bluetooth Earphone Wireless Headphone 9D Stereo Sports Gaming Earbuds LED Mic Wireless Earbud Fon Telinga Êó†Á∫øËìùÁâôËÄ≥Êú∫,/TWS-M25-Bluetooth-Earphone-Wireless-Headphone-9D-Stereo-Sports-Gaming-Earbuds-LED-Mic-Wireless-Earbud-Fon-Telinga-Êó†Á∫øËìùÁâôËÄ≥Êú∫-i.144305769.2311868191,Yes,242.0,5.0,12222.0
31,29,2023-03-13 02:33:04.643944,Comfy Home Slipper,Candia Women Ladies Anti Slip Indoor Slipper Thick Sole Slip On Sandals J2E2215,/Candia-Women-Ladies-Anti-Slip-Indoor-Slipper-Thick-Sole-Slip-On-Sandals-J2E2215-i.128204291.19762457022,Yes,154.0,5.0,162.0
32,29,2023-03-13 02:33:10.085909,Variety Of Sambal,[Travel Pack] Sambal Bilis Pedas Berapi | Sambal Bilis Kering | Sambal Bilis Rangup | Sambal Bilis Pedas Menangis (10g)üî•,/-Travel-Pack-Sambal-Bilis-Pedas-Berapi-Sambal-Bilis-Kering-Sambal-Bilis-Rangup-Sambal-Bilis-Pedas-Menangis-(10g)üî•-i.85504614.17226678663,Yes,133.0,5.0,325.0
33,29,2023-03-13 02:33:15.450056,Sampul Raya,Sampul Duit Raya 2023 | 1 PACK (5 PCS) | 12 Design EXCLUSIVE | READY STOCK | Fast Delivery !,/Sampul-Duit-Raya-2023-1-PACK-(5-PCS)-12-Design-EXCLUSIVE-READY-STOCK-Fast-Delivery-!-i.326363516.8518748738,Yes,160.0,5.0,1607.0
34,29,2023-03-13 02:33:20.800980,Spender Panties,BUTTON CO PLUS SIZE M - XXL HIGH WAIST WOMEN PANTIES SPENDER UNDERWEAR SELUAR DALAM WANITA PEREMPUAN Â•≥ÁîüÂÜÖË£§  HW PLAIN 306,/BUTTON-CO-PLUS-SIZE-M-XXL-HIGH-WAIST-WOMEN-PANTIES-SPENDER-UNDERWEAR-SELUAR-DALAM-WANITA-PEREMPUAN-Â•≥ÁîüÂÜÖË£§-HW-PLAIN-306-i.389225218.10587142699,Yes,447.0,5.0,1014.0
35,29,2023-03-13 02:33:26.164483,Soft Knitting Yarn,Milk Cotton 4 Ply Colour Benang Kait 4 Ply Knitting Yarn Milk Cotton Crockhet Yarn Good Quality Sweet Colour,/Milk-Cotton-4-Ply-Colour-Benang-Kait-4-Ply-Knitting-Yarn-Milk-Cotton-Crockhet-Yarn-Good-Quality-Sweet-Colour-i.471574486.8174645676,Yes,256.0,5.0,183.0
36,29,2023-03-13 03:33:41.625408,TWS Wireless Earbuds,TWS M25 Bluetooth Earphone Wireless Headphone 9D Stereo Sports Gaming Earbuds LED Mic Wireless Earbud Fon Telinga Êó†Á∫øËìùÁâôËÄ≥Êú∫,/TWS-M25-Bluetooth-Earphone-Wireless-Headphone-9D-Stereo-Sports-Gaming-Earbuds-LED-Mic-Wireless-Earbud-Fon-Telinga-Êó†Á∫øËìùÁâôËÄ≥Êú∫-i.144305769.2311868191,Yes,242.0,5.0,12222.0
37,29,2023-03-13 03:33:47.051650,Comfy Home Slipper,Candia Women Ladies Anti Slip Indoor Slipper Thick Sole Slip On Sandals J2E2215,/Candia-Women-Ladies-Anti-Slip-Indoor-Slipper-Thick-Sole-Slip-On-Sandals-J2E2215-i.128204291.19762457022,Yes,154.0,5.0,162.0
38,29,2023-03-13 03:33:52.424977,Variety Of Sambal,[Travel Pack] Sambal Bilis Pedas Berapi | Sambal Bilis Kering | Sambal Bilis Rangup | Sambal Bilis Pedas Menangis (10g)üî•,/-Travel-Pack-Sambal-Bilis-Pedas-Berapi-Sambal-Bilis-Kering-Sambal-Bilis-Rangup-Sambal-Bilis-Pedas-Menangis-(10g)üî•-i.85504614.17226678663,Yes,133.0,5.0,325.0
39,29,2023-03-13 03:33:57.791422,Sampul Raya,Sampul Duit Raya 2023 | 1 PACK (5 PCS) | 12 Design EXCLUSIVE | READY STOCK | Fast Delivery !,/Sampul-Duit-Raya-2023-1-PACK-(5-PCS)-12-Design-EXCLUSIVE-READY-STOCK-Fast-Delivery-!-i.326363516.8518748738,Yes,160.0,5.0,1607.0
40,29,2023-03-13 03:34:03.239019,Spender Panties,BUTTON CO PLUS SIZE M - XXL HIGH WAIST WOMEN PANTIES SPENDER UNDERWEAR SELUAR DALAM WANITA PEREMPUAN Â•≥ÁîüÂÜÖË£§  HW PLAIN 306,/BUTTON-CO-PLUS-SIZE-M-XXL-HIGH-WAIST-WOMEN-PANTIES-SPENDER-UNDERWEAR-SELUAR-DALAM-WANITA-PEREMPUAN-Â•≥ÁîüÂÜÖË£§-HW-PLAIN-306-i.389225218.10587142699,Yes,447.0,5.0,1014.0
41,29,2023-03-13 03:34:08.606112,Soft Knitting Yarn,Milk Cotton 4 Ply Colour Benang Kait 4 Ply Knitting Yarn Milk Cotton Crockhet Yarn Good Quality Sweet Colour,/Milk-Cotton-4-Ply-Colour-Benang-Kait-4-Ply-Knitting-Yarn-Milk-Cotton-Crockhet-Yarn-Good-Quality-Sweet-Colour-i.471574486.8174645676,Yes,256.0,5.0,183.0
42,29,2023-03-13 04:34:22.989550,TWS Wireless Earbuds,TWS M25 Bluetooth Earphone Wireless Headphone 9D Stereo Sports Gaming Earbuds LED Mic Wireless Earbud Fon Telinga Êó†Á∫øËìùÁâôËÄ≥Êú∫,/TWS-M25-Bluetooth-Earphone-Wireless-Headphone-9D-Stereo-Sports-Gaming-Earbuds-LED-Mic-Wireless-Earbud-Fon-Telinga-Êó†Á∫øËìùÁâôËÄ≥Êú∫-i.144305769.2311868191,Yes,242.0,5.0,12222.0
43,29,2023-03-13 04:34:28.352495,Comfy Home Slipper,Candia Women Ladies Anti Slip Indoor Slipper Thick Sole Slip On Sandals J2E2215,/Candia-Women-Ladies-Anti-Slip-Indoor-Slipper-Thick-Sole-Slip-On-Sandals-J2E2215-i.128204291.19762457022,Yes,154.0,5.0,162.0
44,29,2023-03-13 04:34:33.728684,Variety Of Sambal,[Travel Pack] Sambal Bilis Pedas Berapi | Sambal Bilis Kering | Sambal Bilis Rangup | Sambal Bilis Pedas Menangis (10g)üî•,/-Travel-Pack-Sambal-Bilis-Pedas-Berapi-Sambal-Bilis-Kering-Sambal-Bilis-Rangup-Sambal-Bilis-Pedas-Menangis-(10g)üî•-i.85504614.17226678663,Yes,133.0,5.0,325.0
45,29,2023-03-13 04:34:39.099368,Sampul Raya,Sampul Duit Raya 2023 | 1 PACK (5 PCS) | 12 Design EXCLUSIVE | READY STOCK | Fast Delivery !,/Sampul-Duit-Raya-2023-1-PACK-(5-PCS)-12-Design-EXCLUSIVE-READY-STOCK-Fast-Delivery-!-i.326363516.8518748738,Yes,160.0,5.0,1607.0
46,29,2023-03-13 04:34:44.465635,Spender Panties,BUTTON CO PLUS SIZE M - XXL HIGH WAIST WOMEN PANTIES SPENDER UNDERWEAR SELUAR DALAM WANITA PEREMPUAN Â•≥ÁîüÂÜÖË£§  HW PLAIN 306,/BUTTON-CO-PLUS-SIZE-M-XXL-HIGH-WAIST-WOMEN-PANTIES-SPENDER-UNDERWEAR-SELUAR-DALAM-WANITA-PEREMPUAN-Â•≥ÁîüÂÜÖË£§-HW-PLAIN-306-i.389225218.10587142699,Yes,447.0,5.0,1014.0
47,29,2023-03-13 04:34:49.843078,Soft Knitting Yarn,Milk Cotton 4 Ply Colour Benang Kait 4 Ply Knitting Yarn Milk Cotton Crockhet Yarn Good Quality Sweet Colour,/Milk-Cotton-4-Ply-Colour-Benang-Kait-4-Ply-Knitting-Yarn-Milk-Cotton-Crockhet-Yarn-Good-Quality-Sweet-Colour-i.471574486.8174645676,Yes,256.0,5.0,183.0
48,29,2023-03-13 05:35:03.403872,TWS Wireless Earbuds,TWS M25 Bluetooth Earphone Wireless Headphone 9D Stereo Sports Gaming Earbuds LED Mic Wireless Earbud Fon Telinga Êó†Á∫øËìùÁâôËÄ≥Êú∫,/TWS-M25-Bluetooth-Earphone-Wireless-Headphone-9D-Stereo-Sports-Gaming-Earbuds-LED-Mic-Wireless-Earbud-Fon-Telinga-Êó†Á∫øËìùÁâôËÄ≥Êú∫-i.144305769.2311868191,Yes,242.0,5.0,12222.0
49,29,2023-03-13 05:35:08.853770,Comfy Home Slipper,Candia Women Ladies Anti Slip Indoor Slipper Thick Sole Slip On Sandals J2E2215,/Candia-Women-Ladies-Anti-Slip-Indoor-Slipper-Thick-Sole-Slip-On-Sandals-J2E2215-i.128204291.19762457022,Yes,154.0,5.0,162.0
50,29,2023-03-13 05:35:14.219170,Variety Of Sambal,[Travel Pack] Sambal Bilis Pedas Berapi | Sambal Bilis Kering | Sambal Bilis Rangup | Sambal Bilis Pedas Menangis (10g)üî•,/-Travel-Pack-Sambal-Bilis-Pedas-Berapi-Sambal-Bilis-Kering-Sambal-Bilis-Rangup-Sambal-Bilis-Pedas-Menangis-(10g)üî•-i.85504614.17226678663,Yes,133.0,5.0,325.0
51,29,2023-03-13 05:35:19.583474,Sampul Raya,Sampul Duit Raya 2023 | 1 PACK (5 PCS) | 12 Design EXCLUSIVE | READY STOCK | Fast Delivery !,/Sampul-Duit-Raya-2023-1-PACK-(5-PCS)-12-Design-EXCLUSIVE-READY-STOCK-Fast-Delivery-!-i.326363516.8518748738,Yes,160.0,5.0,1607.0
52,29,2023-03-13 05:35:24.936819,Spender Panties,BUTTON CO PLUS SIZE M - XXL HIGH WAIST WOMEN PANTIES SPENDER UNDERWEAR SELUAR DALAM WANITA PEREMPUAN Â•≥ÁîüÂÜÖË£§  HW PLAIN 306,/BUTTON-CO-PLUS-SIZE-M-XXL-HIGH-WAIST-WOMEN-PANTIES-SPENDER-UNDERWEAR-SELUAR-DALAM-WANITA-PEREMPUAN-Â•≥ÁîüÂÜÖË£§-HW-PLAIN-306-i.389225218.10587142699,Yes,447.0,5.0,1014.0
53,29,2023-03-13 05:35:30.288616,Soft Knitting Yarn,Milk Cotton 4 Ply Colour Benang Kait 4 Ply Knitting Yarn Milk Cotton Crockhet Yarn Good Quality Sweet Colour,/Milk-Cotton-4-Ply-Colour-Benang-Kait-4-Ply-Knitting-Yarn-Milk-Cotton-Crockhet-Yarn-Good-Quality-Sweet-Colour-i.471574486.8174645676,Yes,256.0,5.0,183.0
54,29,2023-03-13 06:35:45.357063,TWS Wireless Earbuds,TWS M25 Bluetooth Earphone Wireless Headphone 9D Stereo Sports Gaming Earbuds LED Mic Wireless Earbud Fon Telinga Êó†Á∫øËìùÁâôËÄ≥Êú∫,/TWS-M25-Bluetooth-Earphone-Wireless-Headphone-9D-Stereo-Sports-Gaming-Earbuds-LED-Mic-Wireless-Earbud-Fon-Telinga-Êó†Á∫øËìùÁâôËÄ≥Êú∫-i.144305769.2311868191,Yes,242.0,5.0,12223.0
55,29,2023-03-13 06:35:50.767955,Comfy Home Slipper,Candia Women Ladies Anti Slip Indoor Slipper Thick Sole Slip On Sandals J2E2215,/Candia-Women-Ladies-Anti-Slip-Indoor-Slipper-Thick-Sole-Slip-On-Sandals-J2E2215-i.128204291.19762457022,Yes,154.0,5.0,162.0
56,29,2023-03-13 06:35:56.141984,Variety Of Sambal,[Travel Pack] Sambal Bilis Pedas Berapi | Sambal Bilis Kering | Sambal Bilis Rangup | Sambal Bilis Pedas Menangis (10g)üî•,/-Travel-Pack-Sambal-Bilis-Pedas-Berapi-Sambal-Bilis-Kering-Sambal-Bilis-Rangup-Sambal-Bilis-Pedas-Menangis-(10g)üî•-i.85504614.17226678663,Yes,133.0,5.0,325.0
57,29,2023-03-13 06:36:01.498163,Sampul Raya,Sampul Duit Raya 2023 | 1 PACK (5 PCS) | 12 Design EXCLUSIVE | READY STOCK | Fast Delivery !,/Sampul-Duit-Raya-2023-1-PACK-(5-PCS)-12-Design-EXCLUSIVE-READY-STOCK-Fast-Delivery-!-i.326363516.8518748738,Yes,160.0,5.0,1607.0
58,29,2023-03-13 06:36:06.938123,Spender Panties,BUTTON CO PLUS SIZE M - XXL HIGH WAIST WOMEN PANTIES SPENDER UNDERWEAR SELUAR DALAM WANITA PEREMPUAN Â•≥ÁîüÂÜÖË£§  HW PLAIN 306,/BUTTON-CO-PLUS-SIZE-M-XXL-HIGH-WAIST-WOMEN-PANTIES-SPENDER-UNDERWEAR-SELUAR-DALAM-WANITA-PEREMPUAN-Â•≥ÁîüÂÜÖË£§-HW-PLAIN-306-i.389225218.10587142699,Yes,447.0,5.0,1014.0
59,29,2023-03-13 06:36:12.294403,Soft Knitting Yarn,Milk Cotton 4 Ply Colour Benang Kait 4 Ply Knitting Yarn Milk Cotton Crockhet Yarn Good Quality Sweet Colour,/Milk-Cotton-4-Ply-Colour-Benang-Kait-4-Ply-Knitting-Yarn-Milk-Cotton-Crockhet-Yarn-Good-Quality-Sweet-Colour-i.471574486.8174645676,Yes,256.0,5.0,183.0
60,29,2023-03-13 07:36:25.877087,TWS Wireless Earbuds,TWS M25 Bluetooth Earphone Wireless Headphone 9D Stereo Sports Gaming Earbuds LED Mic Wireless Earbud Fon Telinga Êó†Á∫øËìùÁâôËÄ≥Êú∫,/TWS-M25-Bluetooth-Earphone-Wireless-Headphone-9D-Stereo-Sports-Gaming-Earbuds-LED-Mic-Wireless-Earbud-Fon-Telinga-Êó†Á∫øËìùÁâôËÄ≥Êú∫-i.144305769.2311868191,Yes,242.0,5.0,12223.0
61,29,2023-03-13 07:36:31.264401,Comfy Home Slipper,Candia Women Ladies Anti Slip Indoor Slipper Thick Sole Slip On Sandals J2E2215,/Candia-Women-Ladies-Anti-Slip-Indoor-Slipper-Thick-Sole-Slip-On-Sandals-J2E2215-i.128204291.19762457022,Yes,154.0,5.0,162.0
62,29,2023-03-13 07:36:36.656672,Variety Of Sambal,[Travel Pack] Sambal Bilis Pedas Berapi | Sambal Bilis Kering | Sambal Bilis Rangup | Sambal Bilis Pedas Menangis (10g)üî•,/-Travel-Pack-Sambal-Bilis-Pedas-Berapi-Sambal-Bilis-Kering-Sambal-Bilis-Rangup-Sambal-Bilis-Pedas-Menangis-(10g)üî•-i.85504614.17226678663,Yes,133.0,5.0,325.0
63,29,2023-03-13 07:36:42.029747,Sampul Raya,Sampul Duit Raya 2023 | 1 PACK (5 PCS) | 12 Design EXCLUSIVE | READY STOCK | Fast Delivery !,/Sampul-Duit-Raya-2023-1-PACK-(5-PCS)-12-Design-EXCLUSIVE-READY-STOCK-Fast-Delivery-!-i.326363516.8518748738,Yes,160.0,5.0,1607.0
64,29,2023-03-13 07:36:47.406099,Spender Panties,BUTTON CO PLUS SIZE M - XXL HIGH WAIST WOMEN PANTIES SPENDER UNDERWEAR SELUAR DALAM WANITA PEREMPUAN Â•≥ÁîüÂÜÖË£§  HW PLAIN 306,/BUTTON-CO-PLUS-SIZE-M-XXL-HIGH-WAIST-WOMEN-PANTIES-SPENDER-UNDERWEAR-SELUAR-DALAM-WANITA-PEREMPUAN-Â•≥ÁîüÂÜÖË£§-HW-PLAIN-306-i.389225218.10587142699,Yes,447.0,5.0,1014.0
65,29,2023-03-13 07:36:52.779506,Soft Knitting Yarn,Milk Cotton 4 Ply Colour Benang Kait 4 Ply Knitting Yarn Milk Cotton Crockhet Yarn Good Quality Sweet Colour,/Milk-Cotton-4-Ply-Colour-Benang-Kait-4-Ply-Knitting-Yarn-Milk-Cotton-Crockhet-Yarn-Good-Quality-Sweet-Colour-i.471574486.8174645676,Yes,256.0,5.0,183.0
66,29,2023-03-13 08:37:07.314271,TWS Wireless Earbuds,TWS M25 Bluetooth Earphone Wireless Headphone 9D Stereo Sports Gaming Earbuds LED Mic Wireless Earbud Fon Telinga Êó†Á∫øËìùÁâôËÄ≥Êú∫,/TWS-M25-Bluetooth-Earphone-Wireless-Headphone-9D-Stereo-Sports-Gaming-Earbuds-LED-Mic-Wireless-Earbud-Fon-Telinga-Êó†Á∫øËìùÁâôËÄ≥Êú∫-i.144305769.2311868191,Yes,242.0,5.0,12224.0
67,29,2023-03-13 08:37:12.769124,Sampul Raya,Sampul Duit Raya 2023 | 1 PACK (5 PCS) | 12 Design EXCLUSIVE | READY STOCK | Fast Delivery !,/Sampul-Duit-Raya-2023-1-PACK-(5-PCS)-12-Design-EXCLUSIVE-READY-STOCK-Fast-Delivery-!-i.326363516.8518748738,Yes,160.0,5.0,1607.0
68,29,2023-03-13 08:37:18.142765,Comfy Home Slipper,Candia Women Ladies Anti Slip Indoor Slipper Thick Sole Slip On Sandals J2E2215,/Candia-Women-Ladies-Anti-Slip-Indoor-Slipper-Thick-Sole-Slip-On-Sandals-J2E2215-i.128204291.19762457022,Yes,154.0,5.0,162.0
69,29,2023-03-13 08:37:23.503649,Variety Of Sambal,[Travel Pack] Sambal Bilis Pedas Berapi | Sambal Bilis Kering | Sambal Bilis Rangup | Sambal Bilis Pedas Menangis (10g)üî•,/-Travel-Pack-Sambal-Bilis-Pedas-Berapi-Sambal-Bilis-Kering-Sambal-Bilis-Rangup-Sambal-Bilis-Pedas-Menangis-(10g)üî•-i.85504614.17226678663,Yes,133.0,5.0,325.0
70,29,2023-03-13 08:37:28.872236,Soft Knitting Yarn,Milk Cotton 4 Ply Colour Benang Kait 4 Ply Knitting Yarn Milk Cotton Crockhet Yarn Good Quality Sweet Colour,/Milk-Cotton-4-Ply-Colour-Benang-Kait-4-Ply-Knitting-Yarn-Milk-Cotton-Crockhet-Yarn-Good-Quality-Sweet-Colour-i.471574486.8174645676,Yes,256.0,5.0,183.0
71,29,2023-03-13 08:37:34.230668,Foam Wallpaper,3D wall sticker Brick DIY Living Room Decor Foam Waterproof Wallpaper wall paper adhesive wall decor,/3D-wall-sticker-Brick-DIY-Living-Room-Decor-Foam-Waterproof-Wallpaper-wall-paper-adhesive-wall-decor-i.136250148.12771655081,Yes,180.0,5.0,67.0
72,29,2023-03-13 09:37:49.425426,TWS Wireless Earbuds,TWS M25 Bluetooth Earphone Wireless Headphone 9D Stereo Sports Gaming Earbuds LED Mic Wireless Earbud Fon Telinga Êó†Á∫øËìùÁâôËÄ≥Êú∫,/TWS-M25-Bluetooth-Earphone-Wireless-Headphone-9D-Stereo-Sports-Gaming-Earbuds-LED-Mic-Wireless-Earbud-Fon-Telinga-Êó†Á∫øËìùÁâôËÄ≥Êú∫-i.144305769.2311868191,Yes,242.0,5.0,12224.0
73,29,2023-03-13 09:37:54.807795,Comfy Home Slipper,Candia Women Ladies Anti Slip Indoor Slipper Thick Sole Slip On Sandals J2E2215,/Candia-Women-Ladies-Anti-Slip-Indoor-Slipper-Thick-Sole-Slip-On-Sandals-J2E2215-i.128204291.19762457022,Yes,154.0,5.0,162.0
74,29,2023-03-13 09:38:00.176200,Variety Of Sambal,SAMBAL HIJAU POTAI MELIMPAH,/SAMBAL-HIJAU-POTAI-MELIMPAH-i.697731812.23008184923,Yes,139.0,5.0,196.0
75,29,2023-03-13 09:38:05.537584,Sampul Raya,Sampul Duit Raya 2023 | 1 PACK (5 PCS) | 12 Design EXCLUSIVE | READY STOCK | Fast Delivery !,/Sampul-Duit-Raya-2023-1-PACK-(5-PCS)-12-Design-EXCLUSIVE-READY-STOCK-Fast-Delivery-!-i.326363516.8518748738,Yes,160.0,5.0,1607.0
76,29,2023-03-13 09:38:10.983291,Spender Panties,BUTTON CO PLUS SIZE M - XXL HIGH WAIST WOMEN PANTIES SPENDER UNDERWEAR SELUAR DALAM WANITA PEREMPUAN Â•≥ÁîüÂÜÖË£§  HW PLAIN 306,/BUTTON-CO-PLUS-SIZE-M-XXL-HIGH-WAIST-WOMEN-PANTIES-SPENDER-UNDERWEAR-SELUAR-DALAM-WANITA-PEREMPUAN-Â•≥ÁîüÂÜÖË£§-HW-PLAIN-306-i.389225218.10587142699,Yes,447.0,5.0,1014.0
77,29,2023-03-13 09:38:16.345277,Soft Knitting Yarn,Milk Cotton 4 Ply Colour Benang Kait 4 Ply Knitting Yarn Milk Cotton Crockhet Yarn Good Quality Sweet Colour,/Milk-Cotton-4-Ply-Colour-Benang-Kait-4-Ply-Knitting-Yarn-Milk-Cotton-Crockhet-Yarn-Good-Quality-Sweet-Colour-i.471574486.8174645676,Yes,256.0,5.0,183.0
78,29,2023-03-13 10:38:31.702290,TWS Wireless Earbuds,TWS M25 Bluetooth Earphone Wireless Headphone 9D Stereo Sports Gaming Earbuds LED Mic Wireless Earbud Fon Telinga Êó†Á∫øËìùÁâôËÄ≥Êú∫,/TWS-M25-Bluetooth-Earphone-Wireless-Headphone-9D-Stereo-Sports-Gaming-Earbuds-LED-Mic-Wireless-Earbud-Fon-Telinga-Êó†Á∫øËìùÁâôËÄ≥Êú∫-i.144305769.2311868191,Yes,242.0,5.0,12224.0
79,29,2023-03-13 10:38:37.100027,Comfy Home Slipper,Candia Women Ladies Anti Slip Indoor Slipper Thick Sole Slip On Sandals J2E2215,/Candia-Women-Ladies-Anti-Slip-Indoor-Slipper-Thick-Sole-Slip-On-Sandals-J2E2215-i.128204291.19762457022,Yes,154.0,5.0,162.0
80,29,2023-03-13 10:38:42.478154,Variety Of Sambal,[Travel Pack] Sambal Bilis Pedas Berapi | Sambal Bilis Kering | Sambal Bilis Rangup | Sambal Bilis Pedas Menangis (10g)üî•,/-Travel-Pack-Sambal-Bilis-Pedas-Berapi-Sambal-Bilis-Kering-Sambal-Bilis-Rangup-Sambal-Bilis-Pedas-Menangis-(10g)üî•-i.85504614.17226678663,Yes,133.0,5.0,325.0
81,29,2023-03-13 10:38:47.837677,Sampul Raya,Sampul Duit Raya 2023 | 1 PACK (5 PCS) | 12 Design EXCLUSIVE | READY STOCK | Fast Delivery !,/Sampul-Duit-Raya-2023-1-PACK-(5-PCS)-12-Design-EXCLUSIVE-READY-STOCK-Fast-Delivery-!-i.326363516.8518748738,Yes,160.0,5.0,1607.0
82,29,2023-03-13 10:38:53.210406,Spender Panties,BUTTON CO PLUS SIZE M - XXL HIGH WAIST WOMEN PANTIES SPENDER UNDERWEAR SELUAR DALAM WANITA PEREMPUAN Â•≥ÁîüÂÜÖË£§  HW PLAIN 306,/BUTTON-CO-PLUS-SIZE-M-XXL-HIGH-WAIST-WOMEN-PANTIES-SPENDER-UNDERWEAR-SELUAR-DALAM-WANITA-PEREMPUAN-Â•≥ÁîüÂÜÖË£§-HW-PLAIN-306-i.389225218.10587142699,Yes,447.0,5.0,1014.0
83,29,2023-03-13 10:38:58.577403,Soft Knitting Yarn,Milk Cotton 4 Ply Colour Benang Kait 4 Ply Knitting Yarn Milk Cotton Crockhet Yarn Good Quality Sweet Colour,/Milk-Cotton-4-Ply-Colour-Benang-Kait-4-Ply-Knitting-Yarn-Milk-Cotton-Crockhet-Yarn-Good-Quality-Sweet-Colour-i.471574486.8174645676,Yes,256.0,5.0,183.0
84,29,2023-03-13 11:39:12.013264,Usb Sound Card,V8 Audio USB External Sound Card Headset Microphone Webcast Personal Entertainment Streamer Live Broadcast for PC Phone Computer,/V8-Audio-USB-External-Sound-Card-Headset-Microphone-Webcast-Personal-Entertainment-Streamer-Live-Broadcast-for-PC-Phone-Computer-i.286422049.6269567422,Yes,6.0,5.0,505.0
85,29,2023-03-13 11:39:17.484497,ABS Travel Luggage,Travel luggage big offerÔºÅ28inch XL ABS suitcase Beg Bagasi 28 inch Plain H hello kitty,/Travel-luggage-big-offerÔºÅ28inch-XL-ABS-suitcase-Beg-Bagasi-28-inch-Plain-H-hello-kitty-i.76424917.1286475549,Yes,101.0,5.0,2655.0
86,29,2023-03-13 11:39:22.861087,Realme 7 Series Phone Case,REALME C35 4+128/C35 6+128/REALME C30/REALME C33/REALME C30S/ REALME C21Y 4+64/ 100% ORIGINAL REALME MALAYSIA,/REALME-C35-4-128-C35-6-128-REALME-C30-REALME-C33-REALME-C30S-REALME-C21Y-4-64-100-ORIGINAL-REALME-MALAYSIA-i.271823454.7067813920,Yes,11.0,5.0,128.0
87,29,2023-03-13 11:39:28.226859,Waterproof Phone Case,(WTR17) Universal Smartphone Waterproof Bag IPX8 Waterproof Phone Case,/(WTR17)-Universal-Smartphone-Waterproof-Bag-IPX8-Waterproof-Phone-Case-i.43601742.996862829,Yes,27.0,5.0,3164.0
88,29,2023-03-13 11:39:33.579209,Travel Backpack Bag,NK Large Capacity Backpack Outdoor Sports Backpack Computer Bag Korean Trend All-match Backpack Unisex Student Backpack Couple Bag,/NK-Large-Capacity-Backpack-Outdoor-Sports-Backpack-Computer-Bag-Korean-Trend-All-match-Backpack-Unisex-Student-Backpack-Couple-Bag-i.527061627.18519330140,Yes,20.0,5.0,10.0
89,29,2023-03-13 11:39:38.921068,Portable Powerbank,66W PD Super Fast Charge 30000mAh Powerbank with 4 Cable Mini Power Bank LED Display Slim Battery Fast Charging YM-589,/66W-PD-Super-Fast-Charge-30000mAh-Powerbank-with-4-Cable-Mini-Power-Bank-LED-Display-Slim-Battery-Fast-Charging-YM-589-i.115116464.21030238635,Yes,257.0,5.0,599.0
90,29,2023-03-13 12:39:53.061331,Queen Mattress,( Free Shipping ) Dr. Macio GermanPro -( Anti-static Hotel Premium Series ) King / Queen / Single Size Mattre,/(-Free-Shipping-)-Dr.-Macio-GermanPro-(-Anti-static-Hotel-Premium-Series-)-King-Queen-Single-Size-Mattre-i.132909000.4860861765,Yes,77.0,5.0,1820.0
91,29,2023-03-13 12:39:58.421875,Double Decker Bed,Full Metal Bunk Bed/Katil 3 in 1/Katil Ibu Anak/Loft Bed/Katil Besi 2 Tingkat/Katil Queen/Katil Single/---------,/Full-Metal-Bunk-Bed-Katil-3-in-1-Katil-Ibu-Anak-Loft-Bed-Katil-Besi-2-Tingkat-Katil-Queen-Katil-Single--i.179621104.8960647086,Yes,10.0,5.0,208.0
92,29,2023-03-13 12:40:03.827584,Queen Bed Frame,RM 10 Voucher !!! Finsso : Bed Frame With 2 Drawers / Snow Series Queen Bed Frame with Headboard,/RM-10-Voucher-!!!-Finsso-Bed-Frame-With-2-Drawers-Snow-Series-Queen-Bed-Frame-with-Headboard-i.5122298.23217659581,Yes,86.0,5.0,17.0
93,29,2023-03-13 12:40:09.197613,Bedroom Set,KitchenZ Disney Series Wooden Bedframe Chest Drawer Wardrobe Side Table 3D Concave-Convex Katil Kabinet Almari Disney,/KitchenZ-Disney-Series-Wooden-Bedframe-Chest-Drawer-Wardrobe-Side-Table-3D-Concave-Convex-Katil-Kabinet-Almari-Disney-i.11337800.20237995145,Yes,4.0,5.0,4.0
94,29,2023-03-13 12:40:14.556994,Single Bed,[3.3SALES] HOT SALES READY STOCK IKEA PROMOTION DAY BED SINGLE FRAME KATIL SIANG DAYBED WHITE PUTEH PUTIH MODERN CLASSIC,/-3.3SALES-HOT-SALES-READY-STOCK-IKEA-PROMOTION-DAY-BED-SINGLE-FRAME-KATIL-SIANG-DAYBED-WHITE-PUTEH-PUTIH-MODERN-CLASSIC-i.214836950.9461994288,Yes,18.0,5.0,228.0
95,29,2023-03-13 12:40:19.990156,Single Bed Frame,MLIFE  LOVELY DAY BED SINGLE METAL BED FRAME / KATIL BESI MODERN DESIGN,/MLIFE-LOVELY-DAY-BED-SINGLE-METAL-BED-FRAME-KATIL-BESI-MODERN-DESIGN-i.797534819.18914217998,Yes,37.0,5.0,40.0
96,29,2023-03-13 13:40:34.481968,TWS Wireless Earbuds,TWS M25 Bluetooth Earphone Wireless Headphone 9D Stereo Sports Gaming Earbuds LED Mic Wireless Earbud Fon Telinga Êó†Á∫øËìùÁâôËÄ≥Êú∫,/TWS-M25-Bluetooth-Earphone-Wireless-Headphone-9D-Stereo-Sports-Gaming-Earbuds-LED-Mic-Wireless-Earbud-Fon-Telinga-Êó†Á∫øËìùÁâôËÄ≥Êú∫-i.144305769.2311868191,Yes,242.0,5.0,12225.0
97,29,2023-03-13 13:40:39.900724,Comfy Home Slipper,Candia Women Ladies Anti Slip Indoor Slipper Thick Sole Slip On Sandals J2E2215,/Candia-Women-Ladies-Anti-Slip-Indoor-Slipper-Thick-Sole-Slip-On-Sandals-J2E2215-i.128204291.19762457022,Yes,154.0,5.0,163.0
98,29,2023-03-13 13:40:45.273512,Variety Of Sambal,SAMBAL BETTY‚ÄôS KITCHEN SAMBAL GILA | MALAS | SEWEL | SAMBAL TUMIS RETORT,/SAMBAL-BETTY‚ÄôS-KITCHEN-SAMBAL-GILA-MALAS-SEWEL-SAMBAL-TUMIS-RETORT-i.83861000.1452268387,Yes,148.0,5.0,6404.0
99,29,2023-03-13 13:40:50.642370,Men Cargo Pants,Summer Korean Style Many Pocket Cargo Pants Men Trend Loose Straight Casual Trousers seluar slack lelaki,/Summer-Korean-Style-Many-Pocket-Cargo-Pants-Men-Trend-Loose-Straight-Casual-Trousers-seluar-slack-lelaki-i.662102566.18239579825,Yes,547.0,5.0,325.0
100,29,2023-03-13 13:40:55.989926,Spender Panties,BUTTON CO PLUS SIZE M - XXL HIGH WAIST WOMEN PANTIES SPENDER UNDERWEAR SELUAR DALAM WANITA PEREMPUAN Â•≥ÁîüÂÜÖË£§  HW PLAIN 306,/BUTTON-CO-PLUS-SIZE-M-XXL-HIGH-WAIST-WOMEN-PANTIES-SPENDER-UNDERWEAR-SELUAR-DALAM-WANITA-PEREMPUAN-Â•≥ÁîüÂÜÖË£§-HW-PLAIN-306-i.389225218.10587142699,Yes,447.0,5.0,1014.0
101,29,2023-03-13 13:41:01.337522,Seamless Silk Panties,Ready Stock Premium Quality High Waist High Elastic 3D Honeycomb Underwear Panties Warm Seluar Dalam Free Size,/Ready-Stock-Premium-Quality-High-Waist-High-Elastic-3D-Honeycomb-Underwear-Panties-Warm-Seluar-Dalam-Free-Size-i.2664101.9705907255,Yes,416.0,5.0,1746.0
102,29,2023-03-13 14:41:15.418236,TWS Wireless Earbuds,TWS M25 Bluetooth Earphone Wireless Headphone 9D Stereo Sports Gaming Earbuds LED Mic Wireless Earbud Fon Telinga Êó†Á∫øËìùÁâôËÄ≥Êú∫,/TWS-M25-Bluetooth-Earphone-Wireless-Headphone-9D-Stereo-Sports-Gaming-Earbuds-LED-Mic-Wireless-Earbud-Fon-Telinga-Êó†Á∫øËìùÁâôËÄ≥Êú∫-i.144305769.2311868191,Yes,242.0,5.0,12227.0
103,29,2023-03-13 14:41:20.777735,Comfy Home Slipper,Candia Women Ladies Anti Slip Indoor Slipper Thick Sole Slip On Sandals J2E2215,/Candia-Women-Ladies-Anti-Slip-Indoor-Slipper-Thick-Sole-Slip-On-Sandals-J2E2215-i.128204291.19762457022,Yes,154.0,5.0,163.0
104,29,2023-03-13 14:41:26.262136,Variety Of Sambal,FITSAMBAL Healthy Sambal Diet Sihat Keto Sambal Keto Food Sambal Sihat Sambal Ready to Eat Sambal Penyet FITMEALSBYFARRA,/FITSAMBAL-Healthy-Sambal-Diet-Sihat-Keto-Sambal-Keto-Food-Sambal-Sihat-Sambal-Ready-to-Eat-Sambal-Penyet-FITMEALSBYFARRA-i.240382408.7357026296,Yes,148.0,5.0,1967.0
105,29,2023-03-13 14:41:31.622493,Men Cargo Pants,Summer Korean Style Many Pocket Cargo Pants Men Trend Loose Straight Casual Trousers seluar slack lelaki,/Summer-Korean-Style-Many-Pocket-Cargo-Pants-Men-Trend-Loose-Straight-Casual-Trousers-seluar-slack-lelaki-i.662102566.18239579825,Yes,547.0,5.0,325.0
106,29,2023-03-13 14:41:36.982855,Spender Panties,BUTTON CO PLUS SIZE M - XXL HIGH WAIST WOMEN PANTIES SPENDER UNDERWEAR SELUAR DALAM WANITA PEREMPUAN Â•≥ÁîüÂÜÖË£§  HW PLAIN 306,/BUTTON-CO-PLUS-SIZE-M-XXL-HIGH-WAIST-WOMEN-PANTIES-SPENDER-UNDERWEAR-SELUAR-DALAM-WANITA-PEREMPUAN-Â•≥ÁîüÂÜÖË£§-HW-PLAIN-306-i.389225218.10587142699,Yes,447.0,5.0,1014.0
107,29,2023-03-13 14:41:42.353889,Seamless Silk Panties,Ready Stock Premium Quality High Waist High Elastic 3D Honeycomb Underwear Panties Warm Seluar Dalam Free Size,/Ready-Stock-Premium-Quality-High-Waist-High-Elastic-3D-Honeycomb-Underwear-Panties-Warm-Seluar-Dalam-Free-Size-i.2664101.9705907255,Yes,416.0,5.0,1746.0
108,29,2023-03-13 15:41:55.909220,Apple 11 Phone,USED 13 PRO MAX 128/256/512G ( 95% NEW ),/USED-13-PRO-MAX-128-256-512G-(-95-NEW-)-i.12447110.20166058131,Yes,5.0,5.0,3.0
109,29,2023-03-13 15:42:01.304989,TWS Wireless Earbuds,TWS M25 Bluetooth Earphone Wireless Headphone 9D Stereo Sports Gaming Earbuds LED Mic Wireless Earbud Fon Telinga Êó†Á∫øËìùÁâôËÄ≥Êú∫,/TWS-M25-Bluetooth-Earphone-Wireless-Headphone-9D-Stereo-Sports-Gaming-Earbuds-LED-Mic-Wireless-Earbud-Fon-Telinga-Êó†Á∫øËìùÁâôËÄ≥Êú∫-i.144305769.2311868191,Yes,242.0,5.0,12228.0
110,29,2023-03-13 15:42:06.699144,Variety Of Sambal,SAMBAL BETTY‚ÄôS KITCHEN SAMBAL GILA | MALAS | SEWEL | SAMBAL TUMIS RETORT,/SAMBAL-BETTY‚ÄôS-KITCHEN-SAMBAL-GILA-MALAS-SEWEL-SAMBAL-TUMIS-RETORT-i.83861000.1452268387,Yes,148.0,5.0,6405.0
111,29,2023-03-13 15:42:12.077638,Comfy Home Slipper,Candia Women Ladies Anti Slip Indoor Slipper Thick Sole Slip On Sandals J2E2215,/Candia-Women-Ladies-Anti-Slip-Indoor-Slipper-Thick-Sole-Slip-On-Sandals-J2E2215-i.128204291.19762457022,Yes,154.0,5.0,163.0
112,29,2023-03-13 15:42:17.515075,Sampul Raya,Sampul Duit Raya 2023 | 1 PACK (5 PCS) | 12 Design EXCLUSIVE | READY STOCK | Fast Delivery !,/Sampul-Duit-Raya-2023-1-PACK-(5-PCS)-12-Design-EXCLUSIVE-READY-STOCK-Fast-Delivery-!-i.326363516.8518748738,Yes,160.0,5.0,1608.0
113,29,2023-03-13 15:42:22.875341,Name Sticker,[60pcs] Sticker Nama I Pen I Stationery I Pensil I Label Tag Buku I Simple Murah Dan Kemas,/-60pcs-Sticker-Nama-I-Pen-I-Stationery-I-Pensil-I-Label-Tag-Buku-I-Simple-Murah-Dan-Kemas-i.39587591.11227627122,Yes,187.0,5.0,171.0
114,29,2023-03-13 16:42:37.428727,TWS Wireless Earbuds,TWS M25 Bluetooth Earphone Wireless Headphone 9D Stereo Sports Gaming Earbuds LED Mic Wireless Earbud Fon Telinga Êó†Á∫øËìùÁâôËÄ≥Êú∫,/TWS-M25-Bluetooth-Earphone-Wireless-Headphone-9D-Stereo-Sports-Gaming-Earbuds-LED-Mic-Wireless-Earbud-Fon-Telinga-Êó†Á∫øËìùÁâôËÄ≥Êú∫-i.144305769.2311868191,Yes,242.0,5.0,12229.0
115,29,2023-03-13 16:42:42.828309,Comfy Home Slipper,Candia Women Ladies Anti Slip Indoor Slipper Thick Sole Slip On Sandals J2E2215,/Candia-Women-Ladies-Anti-Slip-Indoor-Slipper-Thick-Sole-Slip-On-Sandals-J2E2215-i.128204291.19762457022,Yes,154.0,5.0,163.0
116,29,2023-03-13 16:42:48.214270,Variety Of Sambal,FITSAMBAL Healthy Sambal Diet Sihat Keto Sambal Keto Food Sambal Sihat Sambal Ready to Eat Sambal Penyet FITMEALSBYFARRA,/FITSAMBAL-Healthy-Sambal-Diet-Sihat-Keto-Sambal-Keto-Food-Sambal-Sihat-Sambal-Ready-to-Eat-Sambal-Penyet-FITMEALSBYFARRA-i.240382408.7357026296,Yes,148.0,5.0,1967.0
117,29,2023-03-13 16:42:53.587622,Men Cargo Pants,Summer Korean Style Many Pocket Cargo Pants Men Trend Loose Straight Casual Trousers seluar slack lelaki,/Summer-Korean-Style-Many-Pocket-Cargo-Pants-Men-Trend-Loose-Straight-Casual-Trousers-seluar-slack-lelaki-i.662102566.18239579825,Yes,547.0,5.0,328.0
118,29,2023-03-13 16:42:58.956459,Spender Panties,BUTTON CO PLUS SIZE M - XXL HIGH WAIST WOMEN PANTIES SPENDER UNDERWEAR SELUAR DALAM WANITA PEREMPUAN Â•≥ÁîüÂÜÖË£§  HW PLAIN 306,/BUTTON-CO-PLUS-SIZE-M-XXL-HIGH-WAIST-WOMEN-PANTIES-SPENDER-UNDERWEAR-SELUAR-DALAM-WANITA-PEREMPUAN-Â•≥ÁîüÂÜÖË£§-HW-PLAIN-306-i.389225218.10587142699,Yes,447.0,5.0,1014.0
119,29,2023-03-13 16:43:04.324622,Seamless Silk Panties,Ready Stock Premium Quality High Waist High Elastic 3D Honeycomb Underwear Panties Warm Seluar Dalam Free Size,/Ready-Stock-Premium-Quality-High-Waist-High-Elastic-3D-Honeycomb-Underwear-Panties-Warm-Seluar-Dalam-Free-Size-i.2664101.9705907255,Yes,416.0,5.0,1746.0
120,29,2023-03-13 17:43:17.989436,TWS Wireless Earbuds,TWS M25 Bluetooth Earphone Wireless Headphone 9D Stereo Sports Gaming Earbuds LED Mic Wireless Earbud Fon Telinga Êó†Á∫øËìùÁâôËÄ≥Êú∫,/TWS-M25-Bluetooth-Earphone-Wireless-Headphone-9D-Stereo-Sports-Gaming-Earbuds-LED-Mic-Wireless-Earbud-Fon-Telinga-Êó†Á∫øËìùÁâôËÄ≥Êú∫-i.144305769.2311868191,Yes,242.0,5.0,12231.0
121,29,2023-03-13 17:43:23.458430,Comfy Home Slipper,Candia Women Ladies Anti Slip Indoor Slipper Thick Sole Slip On Sandals J2E2215,/Candia-Women-Ladies-Anti-Slip-Indoor-Slipper-Thick-Sole-Slip-On-Sandals-J2E2215-i.128204291.19762457022,Yes,154.0,5.0,163.0
122,29,2023-03-13 17:43:28.839817,Variety Of Sambal,FITSAMBAL Healthy Sambal Diet Sihat Keto Sambal Keto Food Sambal Sihat Sambal Ready to Eat Sambal Penyet FITMEALSBYFARRA,/FITSAMBAL-Healthy-Sambal-Diet-Sihat-Keto-Sambal-Keto-Food-Sambal-Sihat-Sambal-Ready-to-Eat-Sambal-Penyet-FITMEALSBYFARRA-i.240382408.7357026296,Yes,148.0,5.0,1967.0
123,29,2023-03-13 17:43:34.208294,Men Cargo Pants,Summer Korean Style Many Pocket Cargo Pants Men Trend Loose Straight Casual Trousers seluar slack lelaki,/Summer-Korean-Style-Many-Pocket-Cargo-Pants-Men-Trend-Loose-Straight-Casual-Trousers-seluar-slack-lelaki-i.662102566.18239579825,Yes,547.0,5.0,328.0
124,29,2023-03-13 17:43:39.564600,Spender Panties,BUTTON CO PLUS SIZE M - XXL HIGH WAIST WOMEN PANTIES SPENDER UNDERWEAR SELUAR DALAM WANITA PEREMPUAN Â•≥ÁîüÂÜÖË£§  HW PLAIN 306,/BUTTON-CO-PLUS-SIZE-M-XXL-HIGH-WAIST-WOMEN-PANTIES-SPENDER-UNDERWEAR-SELUAR-DALAM-WANITA-PEREMPUAN-Â•≥ÁîüÂÜÖË£§-HW-PLAIN-306-i.389225218.10587142699,Yes,447.0,5.0,1014.0
125,29,2023-03-13 17:43:44.966871,Seamless Silk Panties,Ready Stock Premium Quality High Waist High Elastic 3D Honeycomb Underwear Panties Warm Seluar Dalam Free Size,/Ready-Stock-Premium-Quality-High-Waist-High-Elastic-3D-Honeycomb-Underwear-Panties-Warm-Seluar-Dalam-Free-Size-i.2664101.9705907255,Yes,416.0,5.0,1746.0
126,29,2023-03-13 18:43:58.608955,TWS Wireless Earbuds,TWS M25 Bluetooth Earphone Wireless Headphone 9D Stereo Sports Gaming Earbuds LED Mic Wireless Earbud Fon Telinga Êó†Á∫øËìùÁâôËÄ≥Êú∫,/TWS-M25-Bluetooth-Earphone-Wireless-Headphone-9D-Stereo-Sports-Gaming-Earbuds-LED-Mic-Wireless-Earbud-Fon-Telinga-Êó†Á∫øËìùÁâôËÄ≥Êú∫-i.144305769.2311868191,Yes,242.0,5.0,12231.0
127,29,2023-03-13 18:44:04.013266,Comfy Home Slipper,Candia Women Ladies Anti Slip Indoor Slipper Thick Sole Slip On Sandals J2E2215,/Candia-Women-Ladies-Anti-Slip-Indoor-Slipper-Thick-Sole-Slip-On-Sandals-J2E2215-i.128204291.19762457022,Yes,154.0,5.0,163.0
128,29,2023-03-13 18:44:09.406561,Variety Of Sambal,FITSAMBAL Healthy Sambal Diet Sihat Keto Sambal Keto Food Sambal Sihat Sambal Ready to Eat Sambal Penyet FITMEALSBYFARRA,/FITSAMBAL-Healthy-Sambal-Diet-Sihat-Keto-Sambal-Keto-Food-Sambal-Sihat-Sambal-Ready-to-Eat-Sambal-Penyet-FITMEALSBYFARRA-i.240382408.7357026296,Yes,148.0,5.0,1967.0
129,29,2023-03-13 18:44:14.774739,Men Cargo Pants,Summer Korean Style Many Pocket Cargo Pants Men Trend Loose Straight Casual Trousers seluar slack lelaki,/Summer-Korean-Style-Many-Pocket-Cargo-Pants-Men-Trend-Loose-Straight-Casual-Trousers-seluar-slack-lelaki-i.662102566.18239579825,Yes,547.0,5.0,328.0
130,29,2023-03-13 18:44:20.213770,Spender Panties,BUTTON CO PLUS SIZE M - XXL HIGH WAIST WOMEN PANTIES SPENDER UNDERWEAR SELUAR DALAM WANITA PEREMPUAN Â•≥ÁîüÂÜÖË£§  HW PLAIN 306,/BUTTON-CO-PLUS-SIZE-M-XXL-HIGH-WAIST-WOMEN-PANTIES-SPENDER-UNDERWEAR-SELUAR-DALAM-WANITA-PEREMPUAN-Â•≥ÁîüÂÜÖË£§-HW-PLAIN-306-i.389225218.10587142699,Yes,447.0,5.0,1014.0
131,29,2023-03-13 18:44:25.585158,Seamless Silk Panties,Ready Stock Premium Quality High Waist High Elastic 3D Honeycomb Underwear Panties Warm Seluar Dalam Free Size,/Ready-Stock-Premium-Quality-High-Waist-High-Elastic-3D-Honeycomb-Underwear-Panties-Warm-Seluar-Dalam-Free-Size-i.2664101.9705907255,Yes,416.0,5.0,1746.0
132,29,2023-03-13 19:44:39.186440,Pirelli Diablo Rosso,"PIRELLI Angel CT Tubeless Tyre Tire Motorcycle Size 17"" 70-140 Tayar Pirelli 2022",/PIRELLI-Angel-CT-Tubeless-Tyre-Tire-Motorcycle-Size-17-70-140-Tayar-Pirelli-2022-i.80292695.16319033973,Yes,20.0,5.0,121.0
133,29,2023-03-13 19:44:44.591054,Cordless Vacuum Cleaner,üí•HOT SALEüí• Electrolux K8 Pro Wireless Vacuum Cleaner Cordless Handheld Vacuum Cleaner LightWeight Home Cleaning Vacuum,/üí•HOT-SALEüí•-Electrolux-K8-Pro-Wireless-Vacuum-Cleaner-Cordless-Handheld-Vacuum-Cleaner-LightWeight-Home-Cleaning-Vacuum-i.920365580.22614978402,Yes,135.0,5.0,96.0
134,29,2023-03-13 19:44:49.960189,Portable Vacuum Cleaner,üî•HOT SALESüî• ST6101 PRO 2023 Cordless Wet Dry VacuumCleaner Rechargeable Cordless Car Vacuum Portable Mini Vacuum‰æøÊê∫Âê∏Â∞òÂô®Âê∏Â∞òÊú∫,/üî•HOT-SALESüî•-ST6101-PRO-2023-Cordless-Wet-Dry-VacuumCleaner-Rechargeable-Cordless-Car-Vacuum-Portable-Mini-Vacuum‰æøÊê∫Âê∏Â∞òÂô®Âê∏Â∞òÊú∫-i.931836541.18374355732,Yes,45.0,5.0,45.0
135,29,2023-03-13 19:44:55.329259,Handheld Vacuum Cleaner,[Official Store] Deerma DX1000 Handheld Vacuum Cleaner With Multiple Brush Heads 16000Pa With HEPA Filter Dust Vacuum,/-Official-Store-Deerma-DX1000-Handheld-Vacuum-Cleaner-With-Multiple-Brush-Heads-16000Pa-With-HEPA-Filter-Dust-Vacuum-i.375968479.9920820862,Yes,5.0,5.0,52.0
136,29,2023-03-13 19:45:00.705076,Waterproof Jacket,Stone Island Original Couple Jackets Windproof and Waterproof Outdoor Stormsuit Jacket for Women Jacket for Men Plain Jacket with Zip Bomber Jacket Windbreakers with Hooded,/Stone-Island-Original-Couple-Jackets-Windproof-and-Waterproof-Outdoor-Stormsuit-Jacket-for-Women-Jacket-for-Men-Plain-Jacket-with-Zip-Bomber-Jacket-Windbreakers-with-Hooded-i.133252504.20673313712,No,16.0,0.0,-1.0
137,29,2023-03-13 19:45:06.115526,Portable Car Vacuum Cleaner,üî•HOT SELLINGüî•Fast Ship ST6101 PRO (2023) Wireless Car Vacuum Cleaner Rechargeable Cordless Vacuum Portable Mini Vacuum,/üî•HOT-SELLINGüî•Fast-Ship-ST6101-PRO-(2023)-Wireless-Car-Vacuum-Cleaner-Rechargeable-Cordless-Vacuum-Portable-Mini-Vacuum-i.518965967.23024516107,Yes,60.0,5.0,30.0
138,29,2023-03-13 20:45:20.228516,TWS Wireless Earbuds,TWS M25 Bluetooth Earphone Wireless Headphone 9D Stereo Sports Gaming Earbuds LED Mic Wireless Earbud Fon Telinga Êó†Á∫øËìùÁâôËÄ≥Êú∫,/TWS-M25-Bluetooth-Earphone-Wireless-Headphone-9D-Stereo-Sports-Gaming-Earbuds-LED-Mic-Wireless-Earbud-Fon-Telinga-Êó†Á∫øËìùÁâôËÄ≥Êú∫-i.144305769.2311868191,Yes,242.0,5.0,12234.0
139,29,2023-03-13 20:45:25.745124,Comfy Home Slipper,Candia Women Ladies Anti Slip Indoor Slipper Thick Sole Slip On Sandals J2E2215,/Candia-Women-Ladies-Anti-Slip-Indoor-Slipper-Thick-Sole-Slip-On-Sandals-J2E2215-i.128204291.19762457022,Yes,154.0,5.0,163.0
140,29,2023-03-13 20:45:31.158173,Variety Of Sambal,FITSAMBAL Healthy Sambal Diet Sihat Keto Sambal Keto Food Sambal Sihat Sambal Ready to Eat Sambal Penyet FITMEALSBYFARRA,/FITSAMBAL-Healthy-Sambal-Diet-Sihat-Keto-Sambal-Keto-Food-Sambal-Sihat-Sambal-Ready-to-Eat-Sambal-Penyet-FITMEALSBYFARRA-i.240382408.7357026296,Yes,148.0,5.0,1967.0
141,29,2023-03-13 20:45:36.551158,Men Cargo Pants,Summer Korean Style Many Pocket Cargo Pants Men Trend Loose Straight Casual Trousers seluar slack lelaki,/Summer-Korean-Style-Many-Pocket-Cargo-Pants-Men-Trend-Loose-Straight-Casual-Trousers-seluar-slack-lelaki-i.662102566.18239579825,Yes,547.0,5.0,330.0
142,29,2023-03-13 20:45:41.945463,Spender Panties,BUTTON CO PLUS SIZE M - XXL HIGH WAIST WOMEN PANTIES SPENDER UNDERWEAR SELUAR DALAM WANITA PEREMPUAN Â•≥ÁîüÂÜÖË£§  HW PLAIN 306,/BUTTON-CO-PLUS-SIZE-M-XXL-HIGH-WAIST-WOMEN-PANTIES-SPENDER-UNDERWEAR-SELUAR-DALAM-WANITA-PEREMPUAN-Â•≥ÁîüÂÜÖË£§-HW-PLAIN-306-i.389225218.10587142699,Yes,447.0,5.0,1014.0
143,29,2023-03-13 20:45:47.317595,Seamless Silk Panties,Ready Stock Premium Quality High Waist High Elastic 3D Honeycomb Underwear Panties Warm Seluar Dalam Free Size,/Ready-Stock-Premium-Quality-High-Waist-High-Elastic-3D-Honeycomb-Underwear-Panties-Warm-Seluar-Dalam-Free-Size-i.2664101.9705907255,Yes,416.0,5.0,1746.0
144,29,2023-03-13 21:46:01.510812,TWS Wireless Earbuds,TWS M25 Bluetooth Earphone Wireless Headphone 9D Stereo Sports Gaming Earbuds LED Mic Wireless Earbud Fon Telinga Êó†Á∫øËìùÁâôËÄ≥Êú∫,/TWS-M25-Bluetooth-Earphone-Wireless-Headphone-9D-Stereo-Sports-Gaming-Earbuds-LED-Mic-Wireless-Earbud-Fon-Telinga-Êó†Á∫øËìùÁâôËÄ≥Êú∫-i.144305769.2311868191,Yes,242.0,5.0,12236.0
145,29,2023-03-13 21:46:06.900581,Comfy Home Slipper,Candia Women Ladies Anti Slip Indoor Slipper Thick Sole Slip On Sandals J2E2215,/Candia-Women-Ladies-Anti-Slip-Indoor-Slipper-Thick-Sole-Slip-On-Sandals-J2E2215-i.128204291.19762457022,Yes,154.0,5.0,163.0
146,29,2023-03-13 21:46:12.321571,Variety Of Sambal,üåüHQüåü BETTY'S KITCHEN SAMBAL GILA | SEWEL | MALAS | TUMIS | SAMBAL NYET | HALAL | Ready to eat | Sedap Pedas,/üåüHQüåü-BETTY'S-KITCHEN-SAMBAL-GILA-SEWEL-MALAS-TUMIS-SAMBAL-NYET-HALAL-Ready-to-eat-Sedap-Pedas-i.14238194.1198818002,Yes,148.0,5.0,7475.0
147,29,2023-03-13 21:46:17.722749,Men Cargo Pants,Summer Korean Style Many Pocket Cargo Pants Men Trend Loose Straight Casual Trousers seluar slack lelaki,/Summer-Korean-Style-Many-Pocket-Cargo-Pants-Men-Trend-Loose-Straight-Casual-Trousers-seluar-slack-lelaki-i.662102566.18239579825,Yes,547.0,5.0,330.0
148,29,2023-03-13 21:46:23.187754,Spender Panties,BUTTON CO PLUS SIZE M - XXL HIGH WAIST WOMEN PANTIES SPENDER UNDERWEAR SELUAR DALAM WANITA PEREMPUAN Â•≥ÁîüÂÜÖË£§  HW PLAIN 306,/BUTTON-CO-PLUS-SIZE-M-XXL-HIGH-WAIST-WOMEN-PANTIES-SPENDER-UNDERWEAR-SELUAR-DALAM-WANITA-PEREMPUAN-Â•≥ÁîüÂÜÖË£§-HW-PLAIN-306-i.389225218.10587142699,Yes,447.0,5.0,1014.0
149,29,2023-03-13 21:46:28.559772,Seamless Silk Panties,Ready Stock Premium Quality High Waist High Elastic 3D Honeycomb Underwear Panties Warm Seluar Dalam Free Size,/Ready-Stock-Premium-Quality-High-Waist-High-Elastic-3D-Honeycomb-Underwear-Panties-Warm-Seluar-Dalam-Free-Size-i.2664101.9705907255,Yes,416.0,5.0,1746.0
150,29,2023-03-13 22:46:42.715428,TWS Wireless Earbuds,TWS M25 Bluetooth Earphone Wireless Headphone 9D Stereo Sports Gaming Earbuds LED Mic Wireless Earbud Fon Telinga Êó†Á∫øËìùÁâôËÄ≥Êú∫,/TWS-M25-Bluetooth-Earphone-Wireless-Headphone-9D-Stereo-Sports-Gaming-Earbuds-LED-Mic-Wireless-Earbud-Fon-Telinga-Êó†Á∫øËìùÁâôËÄ≥Êú∫-i.144305769.2311868191,Yes,242.0,5.0,12237.0
151,29,2023-03-13 22:46:48.148378,Comfy Home Slipper,Candia Women Ladies Anti Slip Indoor Slipper Thick Sole Slip On Sandals J2E2215,/Candia-Women-Ladies-Anti-Slip-Indoor-Slipper-Thick-Sole-Slip-On-Sandals-J2E2215-i.128204291.19762457022,Yes,154.0,5.0,163.0
152,29,2023-03-13 22:46:53.554272,Variety Of Sambal,SAMBAL HIJAU POTAI MELIMPAH,/SAMBAL-HIJAU-POTAI-MELIMPAH-i.697731812.23008184923,Yes,139.0,5.0,198.0
153,29,2023-03-13 22:46:58.936065,Men Cargo Pants,Summer Korean Style Many Pocket Cargo Pants Men Trend Loose Straight Casual Trousers seluar slack lelaki,/Summer-Korean-Style-Many-Pocket-Cargo-Pants-Men-Trend-Loose-Straight-Casual-Trousers-seluar-slack-lelaki-i.662102566.18239579825,Yes,547.0,5.0,330.0
154,29,2023-03-13 22:47:04.319387,Spender Panties,BUTTON CO PLUS SIZE M - XXL HIGH WAIST WOMEN PANTIES SPENDER UNDERWEAR SELUAR DALAM WANITA PEREMPUAN Â•≥ÁîüÂÜÖË£§  HW PLAIN 306,/BUTTON-CO-PLUS-SIZE-M-XXL-HIGH-WAIST-WOMEN-PANTIES-SPENDER-UNDERWEAR-SELUAR-DALAM-WANITA-PEREMPUAN-Â•≥ÁîüÂÜÖË£§-HW-PLAIN-306-i.389225218.10587142699,Yes,447.0,5.0,1014.0
155,29,2023-03-13 22:47:09.713596,Seamless Silk Panties,Ready Stock Premium Quality High Waist High Elastic 3D Honeycomb Underwear Panties Warm Seluar Dalam Free Size,/Ready-Stock-Premium-Quality-High-Waist-High-Elastic-3D-Honeycomb-Underwear-Panties-Warm-Seluar-Dalam-Free-Size-i.2664101.9705907255,Yes,416.0,5.0,1746.0
156,29,2023-03-13 23:47:26.173822,Portable Camping Chair,24H SHIP Outdoor Chair Kerusi lipat Camping chair Folding Chair Picnic fishing chair Beach Chair Kerusi Khemah Èú≤Ëê•ÈáéÈ§êÊµ∑ËæπÊäòÂè†Ê§Ö,/24H-SHIP-Outdoor-Chair-Kerusi-lipat-Camping-chair-Folding-Chair-Picnic-fishing-chair-Beach-Chair-Kerusi-Khemah-Èú≤Ëê•ÈáéÈ§êÊµ∑ËæπÊäòÂè†Ê§Ö-i.314669085.3166618272,Yes,84.0,5.0,422.0
157,29,2023-03-13 23:47:31.599694,Professional Gaming Chair,LENOBLE Office Chair Gaming Chair Ergonomic Chair kerusi gaming kerusi pejabat - 3 Years Official Warranty,/LENOBLE-Office-Chair-Gaming-Chair-Ergonomic-Chair-kerusi-gaming-kerusi-pejabat-3-Years-Official-Warranty-i.463951581.20344898735,Yes,66.0,5.0,52.0
158,29,2023-03-13 23:47:36.993551,Android Tablet,‚ú®FREE SHIPPING‚ú®Realme Mate Pad Tablet Tab 12 Inch Android 12.0 | 16GB RAM + 512GB ROM | 4GDual SIM,/‚ú®FREE-SHIPPING‚ú®Realme-Mate-Pad-Tablet-Tab-12-Inch-Android-12.0-16GB-RAM-512GB-ROM-4GDual-SIM-i.944373994.21772841869,Yes,45.0,5.0,34.0
159,29,2023-03-13 23:47:42.380047,LED Wall Clock,Jam Dinding Islamic Pattern Wall Clock Capal Kaabah Cop Mohor Ready Stock,/Jam-Dinding-Islamic-Pattern-Wall-Clock-Capal-Kaabah-Cop-Mohor-Ready-Stock-i.144303234.9493612743,Yes,20.0,5.0,161.0
160,29,2023-03-13 23:47:47.760073,Front Load Washing Machine,Toshiba 9.5KG Front Load Real Inverter Washer TW-BK105S2M(SK),/Toshiba-9.5KG-Front-Load-Real-Inverter-Washer-TW-BK105S2M(SK)-i.154039251.18254611649,Yes,12.0,5.0,13.0
161,29,2023-03-13 23:47:53.190697,Gaming Headset,Single 3.5mm Audio Plugs Stereo Headphone Earphone Game Gaming Headphone With Mic Gaming Headset,/Single-3.5mm-Audio-Plugs-Stereo-Headphone-Earphone-Game-Gaming-Headphone-With-Mic-Gaming-Headset-i.11320716.12939050207,Yes,49.0,5.0,97.0
162,29,2023-03-14 00:48:08.181334,TWS Wireless Earbuds,TWS M25 Bluetooth Earphone Wireless Headphone 9D Stereo Sports Gaming Earbuds LED Mic Wireless Earbud Fon Telinga Êó†Á∫øËìùÁâôËÄ≥Êú∫,/TWS-M25-Bluetooth-Earphone-Wireless-Headphone-9D-Stereo-Sports-Gaming-Earbuds-LED-Mic-Wireless-Earbud-Fon-Telinga-Êó†Á∫øËìùÁâôËÄ≥Êú∫-i.144305769.2311868191,Yes,242.0,5.0,12238.0
163,29,2023-03-14 00:48:13.607140,Comfy Home Slipper,Candia Women Ladies Anti Slip Indoor Slipper Thick Sole Slip On Sandals J2E2215,/Candia-Women-Ladies-Anti-Slip-Indoor-Slipper-Thick-Sole-Slip-On-Sandals-J2E2215-i.128204291.19762457022,Yes,154.0,5.0,163.0
164,29,2023-03-14 00:48:19.014129,Variety Of Sambal,SAMBAL HIJAU POTAI MELIMPAH,/SAMBAL-HIJAU-POTAI-MELIMPAH-i.697731812.23008184923,Yes,139.0,5.0,198.0
165,29,2023-03-14 00:48:24.490163,Men Cargo Pants,Summer Korean Style Many Pocket Cargo Pants Men Trend Loose Straight Casual Trousers seluar slack lelaki,/Summer-Korean-Style-Many-Pocket-Cargo-Pants-Men-Trend-Loose-Straight-Casual-Trousers-seluar-slack-lelaki-i.662102566.18239579825,Yes,547.0,5.0,330.0
166,29,2023-03-14 00:48:29.865159,Spender Panties,BUTTON CO PLUS SIZE M - XXL HIGH WAIST WOMEN PANTIES SPENDER UNDERWEAR SELUAR DALAM WANITA PEREMPUAN Â•≥ÁîüÂÜÖË£§  HW PLAIN 306,/BUTTON-CO-PLUS-SIZE-M-XXL-HIGH-WAIST-WOMEN-PANTIES-SPENDER-UNDERWEAR-SELUAR-DALAM-WANITA-PEREMPUAN-Â•≥ÁîüÂÜÖË£§-HW-PLAIN-306-i.389225218.10587142699,Yes,447.0,5.0,1014.0
167,29,2023-03-14 00:48:35.252810,Seamless Silk Panties,Ready Stock Premium Quality High Waist High Elastic 3D Honeycomb Underwear Panties Warm Seluar Dalam Free Size,/Ready-Stock-Premium-Quality-High-Waist-High-Elastic-3D-Honeycomb-Underwear-Panties-Warm-Seluar-Dalam-Free-Size-i.2664101.9705907255,Yes,416.0,5.0,1746.0
168,29,2023-03-14 01:48:50.624773,TWS Wireless Earbuds,TWS M25 Bluetooth Earphone Wireless Headphone 9D Stereo Sports Gaming Earbuds LED Mic Wireless Earbud Fon Telinga Êó†Á∫øËìùÁâôËÄ≥Êú∫,/TWS-M25-Bluetooth-Earphone-Wireless-Headphone-9D-Stereo-Sports-Gaming-Earbuds-LED-Mic-Wireless-Earbud-Fon-Telinga-Êó†Á∫øËìùÁâôËÄ≥Êú∫-i.144305769.2311868191,Yes,242.0,5.0,12238.0
169,29,2023-03-14 01:48:56.024725,Comfy Home Slipper,Candia Women Ladies Anti Slip Indoor Slipper Thick Sole Slip On Sandals J2E2215,/Candia-Women-Ladies-Anti-Slip-Indoor-Slipper-Thick-Sole-Slip-On-Sandals-J2E2215-i.128204291.19762457022,Yes,154.0,5.0,163.0
170,29,2023-03-14 01:49:01.414973,Variety Of Sambal,SAMBAL HIJAU POTAI MELIMPAH,/SAMBAL-HIJAU-POTAI-MELIMPAH-i.697731812.23008184923,Yes,139.0,5.0,198.0
171,29,2023-03-14 01:49:06.790713,Men Cargo Pants,Summer Korean Style Many Pocket Cargo Pants Men Trend Loose Straight Casual Trousers seluar slack lelaki,/Summer-Korean-Style-Many-Pocket-Cargo-Pants-Men-Trend-Loose-Straight-Casual-Trousers-seluar-slack-lelaki-i.662102566.18239579825,Yes,547.0,5.0,330.0
172,29,2023-03-14 01:49:12.173682,Spender Panties,BUTTON CO PLUS SIZE M - XXL HIGH WAIST WOMEN PANTIES SPENDER UNDERWEAR SELUAR DALAM WANITA PEREMPUAN Â•≥ÁîüÂÜÖË£§  HW PLAIN 306,/BUTTON-CO-PLUS-SIZE-M-XXL-HIGH-WAIST-WOMEN-PANTIES-SPENDER-UNDERWEAR-SELUAR-DALAM-WANITA-PEREMPUAN-Â•≥ÁîüÂÜÖË£§-HW-PLAIN-306-i.389225218.10587142699,Yes,447.0,5.0,1014.0
173,29,2023-03-14 01:49:17.563951,Seamless Silk Panties,Ready Stock Premium Quality High Waist High Elastic 3D Honeycomb Underwear Panties Warm Seluar Dalam Free Size,/Ready-Stock-Premium-Quality-High-Waist-High-Elastic-3D-Honeycomb-Underwear-Panties-Warm-Seluar-Dalam-Free-Size-i.2664101.9705907255,Yes,416.0,5.0,1746.0
174,29,2023-03-14 02:49:32.742748,TWS Wireless Earbuds,TWS M25 Bluetooth Earphone Wireless Headphone 9D Stereo Sports Gaming Earbuds LED Mic Wireless Earbud Fon Telinga Êó†Á∫øËìùÁâôËÄ≥Êú∫,/TWS-M25-Bluetooth-Earphone-Wireless-Headphone-9D-Stereo-Sports-Gaming-Earbuds-LED-Mic-Wireless-Earbud-Fon-Telinga-Êó†Á∫øËìùÁâôËÄ≥Êú∫-i.144305769.2311868191,Yes,242.0,5.0,12238.0
175,29,2023-03-14 02:49:38.142386,Comfy Home Slipper,Candia Women Ladies Anti Slip Indoor Slipper Thick Sole Slip On Sandals J2E2215,/Candia-Women-Ladies-Anti-Slip-Indoor-Slipper-Thick-Sole-Slip-On-Sandals-J2E2215-i.128204291.19762457022,Yes,154.0,5.0,163.0
176,29,2023-03-14 02:49:43.520879,Variety Of Sambal,SAMBAL HIJAU POTAI MELIMPAH,/SAMBAL-HIJAU-POTAI-MELIMPAH-i.697731812.23008184923,Yes,139.0,5.0,198.0
177,29,2023-03-14 02:49:48.899646,Men Cargo Pants,Summer Korean Style Many Pocket Cargo Pants Men Trend Loose Straight Casual Trousers seluar slack lelaki,/Summer-Korean-Style-Many-Pocket-Cargo-Pants-Men-Trend-Loose-Straight-Casual-Trousers-seluar-slack-lelaki-i.662102566.18239579825,Yes,547.0,5.0,330.0
178,29,2023-03-14 02:49:54.268851,Spender Panties,BUTTON CO PLUS SIZE M - XXL HIGH WAIST WOMEN PANTIES SPENDER UNDERWEAR SELUAR DALAM WANITA PEREMPUAN Â•≥ÁîüÂÜÖË£§  HW PLAIN 306,/BUTTON-CO-PLUS-SIZE-M-XXL-HIGH-WAIST-WOMEN-PANTIES-SPENDER-UNDERWEAR-SELUAR-DALAM-WANITA-PEREMPUAN-Â•≥ÁîüÂÜÖË£§-HW-PLAIN-306-i.389225218.10587142699,Yes,447.0,5.0,1014.0
179,29,2023-03-14 02:49:59.651580,Seamless Silk Panties,Ready Stock Premium Quality High Waist High Elastic 3D Honeycomb Underwear Panties Warm Seluar Dalam Free Size,/Ready-Stock-Premium-Quality-High-Waist-High-Elastic-3D-Honeycomb-Underwear-Panties-Warm-Seluar-Dalam-Free-Size-i.2664101.9705907255,Yes,416.0,5.0,1746.0
180,29,2023-03-14 03:50:13.725234,TWS Wireless Earbuds,TWS M25 Bluetooth Earphone Wireless Headphone 9D Stereo Sports Gaming Earbuds LED Mic Wireless Earbud Fon Telinga Êó†Á∫øËìùÁâôËÄ≥Êú∫,/TWS-M25-Bluetooth-Earphone-Wireless-Headphone-9D-Stereo-Sports-Gaming-Earbuds-LED-Mic-Wireless-Earbud-Fon-Telinga-Êó†Á∫øËìùÁâôËÄ≥Êú∫-i.144305769.2311868191,Yes,242.0,5.0,12238.0
181,29,2023-03-14 03:50:19.254422,Comfy Home Slipper,Candia Women Ladies Anti Slip Indoor Slipper Thick Sole Slip On Sandals J2E2215,/Candia-Women-Ladies-Anti-Slip-Indoor-Slipper-Thick-Sole-Slip-On-Sandals-J2E2215-i.128204291.19762457022,Yes,154.0,5.0,163.0
182,29,2023-03-14 03:50:24.754912,Variety Of Sambal,SAMBAL HIJAU POTAI MELIMPAH,/SAMBAL-HIJAU-POTAI-MELIMPAH-i.697731812.23008184923,Yes,139.0,5.0,198.0
183,29,2023-03-14 03:50:30.139295,Men Cargo Pants,Summer Korean Style Many Pocket Cargo Pants Men Trend Loose Straight Casual Trousers seluar slack lelaki,/Summer-Korean-Style-Many-Pocket-Cargo-Pants-Men-Trend-Loose-Straight-Casual-Trousers-seluar-slack-lelaki-i.662102566.18239579825,Yes,547.0,5.0,330.0
184,29,2023-03-14 03:50:35.519057,Spender Panties,BUTTON CO PLUS SIZE M - XXL HIGH WAIST WOMEN PANTIES SPENDER UNDERWEAR SELUAR DALAM WANITA PEREMPUAN Â•≥ÁîüÂÜÖË£§  HW PLAIN 306,/BUTTON-CO-PLUS-SIZE-M-XXL-HIGH-WAIST-WOMEN-PANTIES-SPENDER-UNDERWEAR-SELUAR-DALAM-WANITA-PEREMPUAN-Â•≥ÁîüÂÜÖË£§-HW-PLAIN-306-i.389225218.10587142699,Yes,447.0,5.0,1014.0
185,29,2023-03-14 03:50:40.914306,Seamless Silk Panties,Ready Stock Premium Quality High Waist High Elastic 3D Honeycomb Underwear Panties Warm Seluar Dalam Free Size,/Ready-Stock-Premium-Quality-High-Waist-High-Elastic-3D-Honeycomb-Underwear-Panties-Warm-Seluar-Dalam-Free-Size-i.2664101.9705907255,Yes,416.0,5.0,1746.0
186,29,2023-03-14 04:50:55.050621,TWS Wireless Earbuds,TWS M25 Bluetooth Earphone Wireless Headphone 9D Stereo Sports Gaming Earbuds LED Mic Wireless Earbud Fon Telinga Êó†Á∫øËìùÁâôËÄ≥Êú∫,/TWS-M25-Bluetooth-Earphone-Wireless-Headphone-9D-Stereo-Sports-Gaming-Earbuds-LED-Mic-Wireless-Earbud-Fon-Telinga-Êó†Á∫øËìùÁâôËÄ≥Êú∫-i.144305769.2311868191,Yes,242.0,5.0,12238.0
187,29,2023-03-14 04:51:00.449239,Comfy Home Slipper,Candia Women Ladies Anti Slip Indoor Slipper Thick Sole Slip On Sandals J2E2215,/Candia-Women-Ladies-Anti-Slip-Indoor-Slipper-Thick-Sole-Slip-On-Sandals-J2E2215-i.128204291.19762457022,Yes,154.0,5.0,163.0
188,29,2023-03-14 04:51:05.834807,Seamless Silk Panties,Ready Stock Premium Quality High Waist High Elastic 3D Honeycomb Underwear Panties Warm Seluar Dalam Free Size,/Ready-Stock-Premium-Quality-High-Waist-High-Elastic-3D-Honeycomb-Underwear-Panties-Warm-Seluar-Dalam-Free-Size-i.2664101.9705907255,Yes,416.0,5.0,1746.0
189,29,2023-03-14 04:51:11.226864,Spender Panties,High Waist Women Spender Celana Panties Underwear Seluar Dalam Wanita  Plus Size Breathable  Ladies Cotton ÂÜÖË§≤,/High-Waist-Women-Spender-Celana-Panties-Underwear-Seluar-Dalam-Wanita-Plus-Size-Breathable-Ladies-Cotton-ÂÜÖË§≤-i.415497057.11015150085,Yes,454.0,5.0,951.0
190,29,2023-03-14 04:51:16.652619,Aneka Sambal,SAMBAL HIJAU POTAI MELIMPAH,/SAMBAL-HIJAU-POTAI-MELIMPAH-i.697731812.23008184923,Yes,139.0,5.0,198.0
191,29,2023-03-14 04:51:22.126528,Cotton Socks,NBV Unisex Socks Funny Cute Cartoon Fruits Banana Avocado Lemon Egg Cookie Donuts Food Harajuku skateboard Maternity,/NBV-Unisex-Socks-Funny-Cute-Cartoon-Fruits-Banana-Avocado-Lemon-Egg-Cookie-Donuts-Food-Harajuku-skateboard-Maternity-i.19131635.6319928765,Yes,462.0,5.0,673.0
192,29,2023-03-14 05:51:36.319040,TWS Wireless Earbuds,TWS M25 Bluetooth Earphone Wireless Headphone 9D Stereo Sports Gaming Earbuds LED Mic Wireless Earbud Fon Telinga Êó†Á∫øËìùÁâôËÄ≥Êú∫,/TWS-M25-Bluetooth-Earphone-Wireless-Headphone-9D-Stereo-Sports-Gaming-Earbuds-LED-Mic-Wireless-Earbud-Fon-Telinga-Êó†Á∫øËìùÁâôËÄ≥Êú∫-i.144305769.2311868191,Yes,242.0,5.0,12238.0
193,29,2023-03-14 05:51:41.881328,Comfy Home Slipper,Candia Women Ladies Anti Slip Indoor Slipper Thick Sole Slip On Sandals J2E2215,/Candia-Women-Ladies-Anti-Slip-Indoor-Slipper-Thick-Sole-Slip-On-Sandals-J2E2215-i.128204291.19762457022,Yes,154.0,5.0,163.0
194,29,2023-03-14 05:51:47.281065,Variety Of Sambal,SAMBAL HIJAU POTAI MELIMPAH,/SAMBAL-HIJAU-POTAI-MELIMPAH-i.697731812.23008184923,Yes,139.0,5.0,198.0
195,29,2023-03-14 05:51:52.668833,Men Cargo Pants,Summer Korean Style Many Pocket Cargo Pants Men Trend Loose Straight Casual Trousers seluar slack lelaki,/Summer-Korean-Style-Many-Pocket-Cargo-Pants-Men-Trend-Loose-Straight-Casual-Trousers-seluar-slack-lelaki-i.662102566.18239579825,Yes,547.0,5.0,330.0
196,29,2023-03-14 05:51:58.046936,Spender Panties,BUTTON CO PLUS SIZE M - XXL HIGH WAIST WOMEN PANTIES SPENDER UNDERWEAR SELUAR DALAM WANITA PEREMPUAN Â•≥ÁîüÂÜÖË£§  HW PLAIN 306,/BUTTON-CO-PLUS-SIZE-M-XXL-HIGH-WAIST-WOMEN-PANTIES-SPENDER-UNDERWEAR-SELUAR-DALAM-WANITA-PEREMPUAN-Â•≥ÁîüÂÜÖË£§-HW-PLAIN-306-i.389225218.10587142699,Yes,447.0,5.0,1014.0
197,29,2023-03-14 05:52:03.428735,Seamless Silk Panties,Ready Stock Premium Quality High Waist High Elastic 3D Honeycomb Underwear Panties Warm Seluar Dalam Free Size,/Ready-Stock-Premium-Quality-High-Waist-High-Elastic-3D-Honeycomb-Underwear-Panties-Warm-Seluar-Dalam-Free-Size-i.2664101.9705907255,Yes,416.0,5.0,1746.0
198,29,2023-03-14 06:52:17.492766,Helmet MS88,100% ORIGINAL MS88 Helmet [Tali Tulisan Merah] MHR MS88,/100-ORIGINAL-MS88-Helmet-Tali-Tulisan-Merah-MHR-MS88-i.80305795.2312627749,Yes,14.0,5.0,713.0
199,29,2023-03-14 06:52:22.919826,Universal Chest Strap Mount,Wrist Hand Strap GoPro SjCam Hero Xiaomi Yicam Sports Action Camera Adjustable  Mount 360 degree Rotation Mount,/Wrist-Hand-Strap-GoPro-SjCam-Hero-Xiaomi-Yicam-Sports-Action-Camera-Adjustable-Mount-360-degree-Rotation-Mount-i.39127.5145071448,Yes,9.0,5.0,69.0
200,29,2023-03-14 06:52:28.404858,Digital HD Video Camera,"„ÄêReadyÔºå4colors & 64G memory card„ÄëDigital Camera, Student  Vedio Vlogging Camera HD 2.7K 48MP  2.8"" Screen, 16X Digital Zoom, Mini Camera for Photography, Christmas gift for teens",/„ÄêReadyÔºå4colors-64G-memory-card„ÄëDigital-Camera-Student-Vedio-Vlogging-Camera-HD-2.7K-48MP-2.8-Screen-16X-Digital-Zoom-Mini-Camera-for-Photography-Christmas-gift-for-teens-i.788472136.19767222323,Yes,3.0,5.0,1.0
201,29,2023-03-14 06:52:33.786948,Apple 11 Phone,USED X 256GB/512GB PHONE,/USED-X-256GB-512GB-PHONE-i.20671511.22718459325,Yes,5.0,5.0,3.0
202,29,2023-03-14 06:52:39.168780,Waterproof Sports Action Camera,üî• READY STOCK üî•ZEROPITA  Ultra HD 4K 2.4G WIFI Action Camera Phone wireless Travel Sport Outdoor Set Accessories USB SJ7,/üî•-READY-STOCK-üî•ZEROPITA-Ultra-HD-4K-2.4G-WIFI-Action-Camera-Phone-wireless-Travel-Sport-Outdoor-Set-Accessories-USB-SJ7-i.348230046.5866975285,Yes,3.0,5.0,5.0
203,29,2023-03-14 06:52:44.545534,Tripod Selfie Stick,NEW Bluetooth Wireless Selfie Stick Tripod Extendable Monopod with fill light Remote shutter For apple Android ‰∏âËÑöÊû∂ËìùÁâôËá™ÊãçÊùÜ,/NEW-Bluetooth-Wireless-Selfie-Stick-Tripod-Extendable-Monopod-with-fill-light-Remote-shutter-For-apple-Android-‰∏âËÑöÊû∂ËìùÁâôËá™ÊãçÊùÜ-i.314669085.19508916972,Yes,59.0,5.0,130.0
204,29,2023-03-14 07:52:58.762188,TWS Wireless Earbuds,TWS M25 Bluetooth Earphone Wireless Headphone 9D Stereo Sports Gaming Earbuds LED Mic Wireless Earbud Fon Telinga Êó†Á∫øËìùÁâôËÄ≥Êú∫,/TWS-M25-Bluetooth-Earphone-Wireless-Headphone-9D-Stereo-Sports-Gaming-Earbuds-LED-Mic-Wireless-Earbud-Fon-Telinga-Êó†Á∫øËìùÁâôËÄ≥Êú∫-i.144305769.2311868191,Yes,242.0,5.0,12238.0
205,29,2023-03-14 07:53:04.155619,Comfy Home Slipper,Candia Women Ladies Anti Slip Indoor Slipper Thick Sole Slip On Sandals J2E2215,/Candia-Women-Ladies-Anti-Slip-Indoor-Slipper-Thick-Sole-Slip-On-Sandals-J2E2215-i.128204291.19762457022,Yes,154.0,5.0,163.0
206,29,2023-03-14 07:53:09.552752,Variety Of Sambal,SAMBAL HIJAU POTAI MELIMPAH,/SAMBAL-HIJAU-POTAI-MELIMPAH-i.697731812.23008184923,Yes,139.0,5.0,198.0
207,29,2023-03-14 07:53:14.948596,Men Cargo Pants,Summer Korean Style Many Pocket Cargo Pants Men Trend Loose Straight Casual Trousers seluar slack lelaki,/Summer-Korean-Style-Many-Pocket-Cargo-Pants-Men-Trend-Loose-Straight-Casual-Trousers-seluar-slack-lelaki-i.662102566.18239579825,Yes,547.0,5.0,330.0
208,29,2023-03-14 07:53:20.431782,Spender Panties,BUTTON CO PLUS SIZE M - XXL HIGH WAIST WOMEN PANTIES SPENDER UNDERWEAR SELUAR DALAM WANITA PEREMPUAN Â•≥ÁîüÂÜÖË£§  HW PLAIN 306,/BUTTON-CO-PLUS-SIZE-M-XXL-HIGH-WAIST-WOMEN-PANTIES-SPENDER-UNDERWEAR-SELUAR-DALAM-WANITA-PEREMPUAN-Â•≥ÁîüÂÜÖË£§-HW-PLAIN-306-i.389225218.10587142699,Yes,447.0,5.0,1014.0
209,29,2023-03-14 07:53:25.819142,Seamless Silk Panties,Ready Stock Premium Quality High Waist High Elastic 3D Honeycomb Underwear Panties Warm Seluar Dalam Free Size,/Ready-Stock-Premium-Quality-High-Waist-High-Elastic-3D-Honeycomb-Underwear-Panties-Warm-Seluar-Dalam-Free-Size-i.2664101.9705907255,Yes,416.0,5.0,1746.0
210,29,2023-03-14 08:53:40.043756,TWS Wireless Earbuds,TWS M25 Bluetooth Earphone Wireless Headphone 9D Stereo Sports Gaming Earbuds LED Mic Wireless Earbud Fon Telinga Êó†Á∫øËìùÁâôËÄ≥Êú∫,/TWS-M25-Bluetooth-Earphone-Wireless-Headphone-9D-Stereo-Sports-Gaming-Earbuds-LED-Mic-Wireless-Earbud-Fon-Telinga-Êó†Á∫øËìùÁâôËÄ≥Êú∫-i.144305769.2311868191,Yes,242.0,5.0,12240.0
211,29,2023-03-14 08:53:45.472014,Comfy Home Slipper,Candia Women Ladies Anti Slip Indoor Slipper Thick Sole Slip On Sandals J2E2215,/Candia-Women-Ladies-Anti-Slip-Indoor-Slipper-Thick-Sole-Slip-On-Sandals-J2E2215-i.128204291.19762457022,Yes,154.0,5.0,163.0
212,29,2023-03-14 08:53:50.868970,Variety Of Sambal,SAMBAL HIJAU POTAI MELIMPAH,/SAMBAL-HIJAU-POTAI-MELIMPAH-i.697731812.23008184923,Yes,139.0,5.0,198.0
213,29,2023-03-14 08:53:56.248990,Men Cargo Pants,Summer Korean Style Many Pocket Cargo Pants Men Trend Loose Straight Casual Trousers seluar slack lelaki,/Summer-Korean-Style-Many-Pocket-Cargo-Pants-Men-Trend-Loose-Straight-Casual-Trousers-seluar-slack-lelaki-i.662102566.18239579825,Yes,547.0,5.0,330.0
214,29,2023-03-14 08:54:01.621341,Spender Panties,BUTTON CO PLUS SIZE M - XXL HIGH WAIST WOMEN PANTIES SPENDER UNDERWEAR SELUAR DALAM WANITA PEREMPUAN Â•≥ÁîüÂÜÖË£§  HW PLAIN 306,/BUTTON-CO-PLUS-SIZE-M-XXL-HIGH-WAIST-WOMEN-PANTIES-SPENDER-UNDERWEAR-SELUAR-DALAM-WANITA-PEREMPUAN-Â•≥ÁîüÂÜÖË£§-HW-PLAIN-306-i.389225218.10587142699,Yes,447.0,5.0,1014.0
215,29,2023-03-14 08:54:07.012712,Seamless Silk Panties,Ready Stock Premium Quality High Waist High Elastic 3D Honeycomb Underwear Panties Warm Seluar Dalam Free Size,/Ready-Stock-Premium-Quality-High-Waist-High-Elastic-3D-Honeycomb-Underwear-Panties-Warm-Seluar-Dalam-Free-Size-i.2664101.9705907255,Yes,416.0,5.0,1746.0
216,29,2023-03-14 09:54:20.885861,TWS Wireless Earbuds,TWS M25 Bluetooth Earphone Wireless Headphone 9D Stereo Sports Gaming Earbuds LED Mic Wireless Earbud Fon Telinga Êó†Á∫øËìùÁâôËÄ≥Êú∫,/TWS-M25-Bluetooth-Earphone-Wireless-Headphone-9D-Stereo-Sports-Gaming-Earbuds-LED-Mic-Wireless-Earbud-Fon-Telinga-Êó†Á∫øËìùÁâôËÄ≥Êú∫-i.144305769.2311868191,Yes,242.0,5.0,12240.0
217,29,2023-03-14 09:54:26.390234,Comfy Home Slipper,Candia Women Ladies Anti Slip Indoor Slipper Thick Sole Slip On Sandals J2E2215,/Candia-Women-Ladies-Anti-Slip-Indoor-Slipper-Thick-Sole-Slip-On-Sandals-J2E2215-i.128204291.19762457022,Yes,154.0,5.0,163.0
218,29,2023-03-14 09:54:31.767953,Spender Panties,BUTTON CO PLUS SIZE M - XXL HIGH WAIST WOMEN PANTIES SPENDER UNDERWEAR SELUAR DALAM WANITA PEREMPUAN Â•≥ÁîüÂÜÖË£§  HW PLAIN 306,/BUTTON-CO-PLUS-SIZE-M-XXL-HIGH-WAIST-WOMEN-PANTIES-SPENDER-UNDERWEAR-SELUAR-DALAM-WANITA-PEREMPUAN-Â•≥ÁîüÂÜÖË£§-HW-PLAIN-306-i.389225218.10587142699,Yes,447.0,5.0,1014.0
219,29,2023-03-14 09:54:37.153732,Seamless Silk Panties,Ready Stock Premium Quality High Waist High Elastic 3D Honeycomb Underwear Panties Warm Seluar Dalam Free Size,/Ready-Stock-Premium-Quality-High-Waist-High-Elastic-3D-Honeycomb-Underwear-Panties-Warm-Seluar-Dalam-Free-Size-i.2664101.9705907255,Yes,416.0,5.0,1746.0
220,29,2023-03-14 09:54:42.587661,Men Cargo Pants,Summer Korean Style Many Pocket Cargo Pants Men Trend Loose Straight Casual Trousers seluar slack lelaki,/Summer-Korean-Style-Many-Pocket-Cargo-Pants-Men-Trend-Loose-Straight-Casual-Trousers-seluar-slack-lelaki-i.662102566.18239579825,Yes,547.0,5.0,330.0
221,29,2023-03-14 09:54:47.968097,Comfortable Tudung Sarung,TUDUNG SARUNG COTTON SAIZ XL ANTI KEDUT/IRONLESS/TUDUNG TRAVEL/ALTAHIR/ALFARO,/TUDUNG-SARUNG-COTTON-SAIZ-XL-ANTI-KEDUT-IRONLESS-TUDUNG-TRAVEL-ALTAHIR-ALFARO-i.93404946.21104245425,Yes,393.0,5.0,994.0
222,29,2023-03-14 10:55:02.003023,Car Key Cover,[ùó¶ùóúùóüùóúùóñùó¢ùó°ùóò] Toyota Corolla CROSS / CAMRY / ALTIS / CHR Car Key Cover Remote Casing Case Accessories Accessori 2021 2023,/-ùó¶ùóúùóüùóúùóñùó¢ùó°ùóò-Toyota-Corolla-CROSS-CAMRY-ALTIS-CHR-Car-Key-Cover-Remote-Casing-Case-Accessories-Accessori-2021-2023-i.774316327.15884969395,Yes,25.0,5.0,117.0
223,29,2023-03-14 10:55:07.460153,Foldable Umbrella,‚ö°Ô∏èReady Stock‚ö°Ô∏èFoldable Umbrella Inverted Reverse Umbrella Large C Shape Handle Double Layer Payung Lipat Murah  HujanÈõ®ÂÇò,/‚ö°Ô∏èReady-Stock‚ö°Ô∏èFoldable-Umbrella-Inverted-Reverse-Umbrella-Large-C-Shape-Handle-Double-Layer-Payung-Lipat-Murah-HujanÈõ®ÂÇò-i.462273103.12938126557,Yes,146.0,5.0,1110.0
224,29,2023-03-14 10:55:12.869622,TWS Wireless Earbuds,TWS M25 Bluetooth Earphone Wireless Headphone 9D Stereo Sports Gaming Earbuds LED Mic Wireless Earbud Fon Telinga Êó†Á∫øËìùÁâôËÄ≥Êú∫,/TWS-M25-Bluetooth-Earphone-Wireless-Headphone-9D-Stereo-Sports-Gaming-Earbuds-LED-Mic-Wireless-Earbud-Fon-Telinga-Êó†Á∫øËìùÁâôËÄ≥Êú∫-i.144305769.2311868191,Yes,242.0,5.0,12241.0
225,29,2023-03-14 10:55:18.259341,Headloop Face Mask,Jovian Acne Free 3 Ply Mask Ikat Headloop,/Jovian-Acne-Free-3-Ply-Mask-Ikat-Headloop-i.173977570.17750876373,Yes,328.0,5.0,2577.0
226,29,2023-03-14 10:55:23.765983,Spender Panties,BUTTON CO PLUS SIZE M - XXL HIGH WAIST WOMEN PANTIES SPENDER UNDERWEAR SELUAR DALAM WANITA PEREMPUAN Â•≥ÁîüÂÜÖË£§  HW PLAIN 306,/BUTTON-CO-PLUS-SIZE-M-XXL-HIGH-WAIST-WOMEN-PANTIES-SPENDER-UNDERWEAR-SELUAR-DALAM-WANITA-PEREMPUAN-Â•≥ÁîüÂÜÖË£§-HW-PLAIN-306-i.389225218.10587142699,Yes,447.0,5.0,1014.0
227,29,2023-03-14 10:55:29.151125,Seamless Silk Panties,Ready Stock Premium Quality High Waist High Elastic 3D Honeycomb Underwear Panties Warm Seluar Dalam Free Size,/Ready-Stock-Premium-Quality-High-Waist-High-Elastic-3D-Honeycomb-Underwear-Panties-Warm-Seluar-Dalam-Free-Size-i.2664101.9705907255,Yes,416.0,5.0,1746.0
228,29,2023-03-14 11:55:43.111345,TWS Wireless Earbuds,TWS M25 Bluetooth Earphone Wireless Headphone 9D Stereo Sports Gaming Earbuds LED Mic Wireless Earbud Fon Telinga Êó†Á∫øËìùÁâôËÄ≥Êú∫,/TWS-M25-Bluetooth-Earphone-Wireless-Headphone-9D-Stereo-Sports-Gaming-Earbuds-LED-Mic-Wireless-Earbud-Fon-Telinga-Êó†Á∫øËìùÁâôËÄ≥Êú∫-i.144305769.2311868191,Yes,242.0,5.0,12242.0
229,29,2023-03-14 11:55:48.519719,Seamless Silk Panties,Ready Stock Premium Quality High Waist High Elastic 3D Honeycomb Underwear Panties Warm Seluar Dalam Free Size,/Ready-Stock-Premium-Quality-High-Waist-High-Elastic-3D-Honeycomb-Underwear-Panties-Warm-Seluar-Dalam-Free-Size-i.2664101.9705907255,Yes,416.0,5.0,1746.0
230,29,2023-03-14 11:55:53.913919,Comfy Home Slipper,Candia Women Ladies Anti Slip Indoor Slipper Thick Sole Slip On Sandals J2E2215,/Candia-Women-Ladies-Anti-Slip-Indoor-Slipper-Thick-Sole-Slip-On-Sandals-J2E2215-i.128204291.19762457022,Yes,154.0,5.0,163.0
231,29,2023-03-14 11:55:59.304389,Comfortable Tudung Sarung,TUDUNG SARUNG COTTON SAIZ XL ANTI KEDUT/IRONLESS/TUDUNG TRAVEL/ALTAHIR/ALFARO,/TUDUNG-SARUNG-COTTON-SAIZ-XL-ANTI-KEDUT-IRONLESS-TUDUNG-TRAVEL-ALTAHIR-ALFARO-i.93404946.21104245425,Yes,393.0,5.0,994.0
232,29,2023-03-14 11:56:04.683713,Spender Panties,High Waist Women Spender Celana Panties Underwear Seluar Dalam Wanita  Plus Size Breathable  Ladies Cotton ÂÜÖË§≤,/High-Waist-Women-Spender-Celana-Panties-Underwear-Seluar-Dalam-Wanita-Plus-Size-Breathable-Ladies-Cotton-ÂÜÖË§≤-i.415497057.11015150085,Yes,454.0,5.0,952.0
233,29,2023-03-14 11:56:10.056150,Cotton Socks,NBV Unisex Socks Funny Cute Cartoon Fruits Banana Avocado Lemon Egg Cookie Donuts Food Harajuku skateboard Maternity,/NBV-Unisex-Socks-Funny-Cute-Cartoon-Fruits-Banana-Avocado-Lemon-Egg-Cookie-Donuts-Food-Harajuku-skateboard-Maternity-i.19131635.6319928765,Yes,462.0,5.0,673.0
234,29,2023-03-14 12:56:24.318186,Black School Shoes,(SY Shoes) GW 119-2B TEEPER (26-36) Ë∂ÖËΩªÂ∞èÂ≠¶ÈªëÊ†°Èûã/Ultra Light Weight Kid's Jogging/Running/Casual/Sport/Black School Shoes,/(SY-Shoes)-GW-119-2B-TEEPER-(26-36)-Ë∂ÖËΩªÂ∞èÂ≠¶ÈªëÊ†°Èûã-Ultra-Light-Weight-Kid's-Jogging-Running-Casual-Sport-Black-School-Shoes-i.208050078.17624618815,Yes,55.0,5.0,37.0
235,29,2023-03-14 12:56:29.731079,Miyami Compact Face Powder,BEDAK MIYAMI ORIGINAL,/BEDAK-MIYAMI-ORIGINAL-i.53410286.3307034050,Yes,22.0,5.0,1091.0
236,29,2023-03-14 12:56:35.125206,Women Sandals,READY STOCKüî•OLL Women Flat Shoes Kasut Wanita Sandal Fashion Sandal Lady,/READY-STOCKüî•OLL-Women-Flat-Shoes-Kasut-Wanita-Sandal-Fashion-Sandal-Lady-i.794541346.16176407389,Yes,94.0,5.0,155.0
237,29,2023-03-14 12:56:40.516334,Large Capacity Water Bottle,BBD (1L/2L/3L) Large Capacity Water Bottle for Student Sports Fitness Outdoor HM740,/BBD-(1L-2L-3L)-Large-Capacity-Water-Bottle-for-Student-Sports-Fitness-Outdoor-HM740-i.7604083.6657358557,Yes,97.0,5.0,198.0
238,29,2023-03-14 12:56:45.893995,Cavando Ladies Sandal,Cavando Ladies Comfort Sandals - Black/Camel/Pink 18337-4,/Cavando-Ladies-Comfort-Sandals-Black-Camel-Pink-18337-4-i.28869314.3448607878,Yes,15.0,5.0,655.0
239,29,2023-03-14 12:56:51.269390,Comfortable Women's Sandal,ROMAN SANDALS female student fairy 2022 Korean version super fÁΩóÈ©¨ÂáâÈûãÂ•≥Â≠¶Áîü‰ªôÂ•≥È£é2022Èü©ÁâàË∂ÖÁÅ´ÊùæÁ≥ïÂéöÂ∫ïÊó∂Â∞öÂáâÈûã6.30,/ROMAN-SANDALS-female-student-fairy-2022-Korean-version-super-fÁΩóÈ©¨ÂáâÈûãÂ•≥Â≠¶Áîü‰ªôÂ•≥È£é2022Èü©ÁâàË∂ÖÁÅ´ÊùæÁ≥ïÂéöÂ∫ïÊó∂Â∞öÂáâÈûã6.30-i.783771610.20317553872,Yes,24.0,5.0,25.0
240,29,2023-03-14 13:57:05.046233,TWS Wireless Earbuds,TWS M25 Bluetooth Earphone Wireless Headphone 9D Stereo Sports Gaming Earbuds LED Mic Wireless Earbud Fon Telinga Êó†Á∫øËìùÁâôËÄ≥Êú∫,/TWS-M25-Bluetooth-Earphone-Wireless-Headphone-9D-Stereo-Sports-Gaming-Earbuds-LED-Mic-Wireless-Earbud-Fon-Telinga-Êó†Á∫øËìùÁâôËÄ≥Êú∫-i.144305769.2311868191,Yes,242.0,5.0,12244.0
241,29,2023-03-14 13:57:10.474015,School Hijab,Tudung Sekolah Bidang 45 Kain Koshibo dari WardahKu,/Tudung-Sekolah-Bidang-45-Kain-Koshibo-dari-WardahKu-i.180502534.2841553491,Yes,137.0,5.0,1094.0
242,29,2023-03-14 13:57:15.867278,Comfy Home Slipper,Candia Women Ladies Anti Slip Indoor Slipper Thick Sole Slip On Sandals J2E2215,/Candia-Women-Ladies-Anti-Slip-Indoor-Slipper-Thick-Sole-Slip-On-Sandals-J2E2215-i.128204291.19762457022,Yes,154.0,5.0,163.0
243,29,2023-03-14 13:57:21.245659,Spender Panties,BUTTON CO PLUS SIZE M - XXL HIGH WAIST WOMEN PANTIES SPENDER UNDERWEAR SELUAR DALAM WANITA PEREMPUAN Â•≥ÁîüÂÜÖË£§  HW PLAIN 306,/BUTTON-CO-PLUS-SIZE-M-XXL-HIGH-WAIST-WOMEN-PANTIES-SPENDER-UNDERWEAR-SELUAR-DALAM-WANITA-PEREMPUAN-Â•≥ÁîüÂÜÖË£§-HW-PLAIN-306-i.389225218.10587142699,Yes,447.0,5.0,1014.0
244,29,2023-03-14 13:57:26.711249,Seamless Silk Panties,Ready Stock Premium Quality High Waist High Elastic 3D Honeycomb Underwear Panties Warm Seluar Dalam Free Size,/Ready-Stock-Premium-Quality-High-Waist-High-Elastic-3D-Honeycomb-Underwear-Panties-Warm-Seluar-Dalam-Free-Size-i.2664101.9705907255,Yes,416.0,5.0,1746.0
245,29,2023-03-14 13:57:32.069240,Men Cargo Pants,Summer Korean Style Many Pocket Cargo Pants Men Trend Loose Straight Casual Trousers seluar slack lelaki,/Summer-Korean-Style-Many-Pocket-Cargo-Pants-Men-Trend-Loose-Straight-Casual-Trousers-seluar-slack-lelaki-i.662102566.18239579825,Yes,547.0,5.0,330.0
246,29,2023-03-14 14:57:48.099032,TWS Wireless Earbuds,TWS M25 Bluetooth Earphone Wireless Headphone 9D Stereo Sports Gaming Earbuds LED Mic Wireless Earbud Fon Telinga Êó†Á∫øËìùÁâôËÄ≥Êú∫,/TWS-M25-Bluetooth-Earphone-Wireless-Headphone-9D-Stereo-Sports-Gaming-Earbuds-LED-Mic-Wireless-Earbud-Fon-Telinga-Êó†Á∫øËìùÁâôËÄ≥Êú∫-i.144305769.2311868191,Yes,242.0,5.0,12245.0
247,29,2023-03-14 14:57:53.506852,School Hijab,Tudung Sekolah Bidang 45 Kain Koshibo dari WardahKu,/Tudung-Sekolah-Bidang-45-Kain-Koshibo-dari-WardahKu-i.180502534.2841553491,Yes,137.0,5.0,1094.0
248,29,2023-03-14 14:57:58.882876,Comfy Home Slipper,Candia Women Ladies Anti Slip Indoor Slipper Thick Sole Slip On Sandals J2E2215,/Candia-Women-Ladies-Anti-Slip-Indoor-Slipper-Thick-Sole-Slip-On-Sandals-J2E2215-i.128204291.19762457022,Yes,154.0,5.0,163.0
249,29,2023-03-14 14:58:04.269220,Spender Panties,BUTTON CO PLUS SIZE M - XXL HIGH WAIST WOMEN PANTIES SPENDER UNDERWEAR SELUAR DALAM WANITA PEREMPUAN Â•≥ÁîüÂÜÖË£§  HW PLAIN 306,/BUTTON-CO-PLUS-SIZE-M-XXL-HIGH-WAIST-WOMEN-PANTIES-SPENDER-UNDERWEAR-SELUAR-DALAM-WANITA-PEREMPUAN-Â•≥ÁîüÂÜÖË£§-HW-PLAIN-306-i.389225218.10587142699,Yes,447.0,5.0,1014.0
250,29,2023-03-14 14:58:09.635647,Seamless Silk Panties,Ready Stock Premium Quality High Waist High Elastic 3D Honeycomb Underwear Panties Warm Seluar Dalam Free Size,/Ready-Stock-Premium-Quality-High-Waist-High-Elastic-3D-Honeycomb-Underwear-Panties-Warm-Seluar-Dalam-Free-Size-i.2664101.9705907255,Yes,416.0,5.0,1746.0
251,29,2023-03-14 14:58:15.012222,Men Cargo Pants,Summer Korean Style Many Pocket Cargo Pants Men Trend Loose Straight Casual Trousers seluar slack lelaki,/Summer-Korean-Style-Many-Pocket-Cargo-Pants-Men-Trend-Loose-Straight-Casual-Trousers-seluar-slack-lelaki-i.662102566.18239579825,Yes,547.0,5.0,331.0
252,29,2023-03-14 15:58:29.284584,TWS Wireless Earbuds,Disney PRO6 Wireless Earphones Bluetooth Headphones Bluetooth 5.2 HD Call with Mic Headset Stereo HIFI in-Ear Earbuds,/Disney-PRO6-Wireless-Earphones-Bluetooth-Headphones-Bluetooth-5.2-HD-Call-with-Mic-Headset-Stereo-HIFI-in-Ear-Earbuds-i.298782254.19748821894,Yes,253.0,5.0,227.0
253,29,2023-03-14 15:58:34.695591,School Hijab,Tudung Sekolah Bidang 45 Kain Koshibo dari WardahKu,/Tudung-Sekolah-Bidang-45-Kain-Koshibo-dari-WardahKu-i.180502534.2841553491,Yes,178.0,5.0,1094.0
254,29,2023-03-14 15:58:40.080864,Comfy Home Slipper,Women Thick Platform Slippers Summer Beach Eva Soft Sole Slide Sandals Leisure Men Ladies Indoor Bathroom Anti-slip Shoe,/Women-Thick-Platform-Slippers-Summer-Beach-Eva-Soft-Sole-Slide-Sandals-Leisure-Men-Ladies-Indoor-Bathroom-Anti-slip-Shoe-i.602592160.10283554562,Yes,147.0,5.0,2122.0
255,29,2023-03-14 15:58:45.474496,Spender Panties,BUTTON CO PLUS SIZE M - XXL HIGH WAIST WOMEN PANTIES SPENDER UNDERWEAR SELUAR DALAM WANITA PEREMPUAN Â•≥ÁîüÂÜÖË£§  HW PLAIN 306,/BUTTON-CO-PLUS-SIZE-M-XXL-HIGH-WAIST-WOMEN-PANTIES-SPENDER-UNDERWEAR-SELUAR-DALAM-WANITA-PEREMPUAN-Â•≥ÁîüÂÜÖË£§-HW-PLAIN-306-i.389225218.10587142699,Yes,445.0,5.0,1014.0
256,29,2023-03-14 15:58:50.852218,Seamless Silk Panties,Ice Silk Seamless Candy Silk Plain Fashion Girls Underwear Panties Seluar Dalam Wanita,/Ice-Silk-Seamless-Candy-Silk-Plain-Fashion-Girls-Underwear-Panties-Seluar-Dalam-Wanita-i.42300802.6060947113,Yes,374.0,5.0,5919.0
257,29,2023-03-14 15:58:56.228369,Men Cargo Pants,Summer Korean Style Many Pocket Cargo Pants Men Trend Loose Straight Casual Trousers seluar slack lelaki,/Summer-Korean-Style-Many-Pocket-Cargo-Pants-Men-Trend-Loose-Straight-Casual-Trousers-seluar-slack-lelaki-i.662102566.18239579825,Yes,556.0,5.0,331.0
258,29,2023-03-14 16:59:10.873993,TWS Wireless Earbuds,Disney PRO6 Wireless Earphones Bluetooth Headphones Bluetooth 5.2 HD Call with Mic Headset Stereo HIFI in-Ear Earbuds,/Disney-PRO6-Wireless-Earphones-Bluetooth-Headphones-Bluetooth-5.2-HD-Call-with-Mic-Headset-Stereo-HIFI-in-Ear-Earbuds-i.298782254.19748821894,Yes,253.0,5.0,227.0
259,29,2023-03-14 16:59:16.301918,Comfy Home Slipper,Women Thick Platform Slippers Summer Beach Eva Soft Sole Slide Sandals Leisure Men Ladies Indoor Bathroom Anti-slip Shoe,/Women-Thick-Platform-Slippers-Summer-Beach-Eva-Soft-Sole-Slide-Sandals-Leisure-Men-Ladies-Indoor-Bathroom-Anti-slip-Shoe-i.602592160.10283554562,Yes,147.0,5.0,2123.0
260,29,2023-03-14 16:59:21.679515,School Hijab,Tudung Sekolah Bidang 45 Kain Koshibo dari WardahKu,/Tudung-Sekolah-Bidang-45-Kain-Koshibo-dari-WardahKu-i.180502534.2841553491,Yes,178.0,5.0,1094.0
261,29,2023-03-14 16:59:27.060005,Variety Of Sambal,[Travel Pack] Sambal Hitam Pedas Berapi | Sambal Hitam Pahang Asli | Sambal Hitam Pahang Belimbing (20g)üå∂üî•,/-Travel-Pack-Sambal-Hitam-Pedas-Berapi-Sambal-Hitam-Pahang-Asli-Sambal-Hitam-Pahang-Belimbing-(20g)üå∂üî•-i.85504614.10790152448,Yes,140.0,5.0,272.0
262,29,2023-03-14 16:59:32.533364,Men Cargo Pants,Summer Korean Style Many Pocket Cargo Pants Men Trend Loose Straight Casual Trousers seluar slack lelaki,/Summer-Korean-Style-Many-Pocket-Cargo-Pants-Men-Trend-Loose-Straight-Casual-Trousers-seluar-slack-lelaki-i.662102566.18239579825,Yes,556.0,5.0,333.0
263,29,2023-03-14 16:59:37.906927,Sunblock Sunscreen Cream,(100% ORI) 3W Clinic UV Sun Cream Sunblock Sunscreen Collagen Viral TikTok Kuning Lotion Losyen Anjo Original HQ Korea,/(100-ORI)-3W-Clinic-UV-Sun-Cream-Sunblock-Sunscreen-Collagen-Viral-TikTok-Kuning-Lotion-Losyen-Anjo-Original-HQ-Korea-i.11976026.21421958128,Yes,134.0,5.0,536.0
264,29,2023-03-14 17:59:52.004222,3D Mask,Vircast Medic/Safeco 3D Mask Ôºà30pcs/boxÔºâ,/Vircast-Medic-Safeco-3D-Mask-Ôºà30pcs-boxÔºâ-i.40835802.12874370046,Yes,247.0,5.0,527.0
265,29,2023-03-14 17:59:57.380337,Gaming RTX Graphic Card,EVGA RTX 3070 TI XC3 ULTRA GAMING 8GB GDDR6X ( 08G-P5-3785-KL ),/EVGA-RTX-3070-TI-XC3-ULTRA-GAMING-8GB-GDDR6X-(-08G-P5-3785-KL-)-i.99616108.9278814360,Yes,1.0,5.0,6.0
266,29,2023-03-14 18:00:02.884338,Cooler Master Gaming Keyboard,Cooler Master CK530 V2 Tenkeyless RGB Mechanical Gaming Keyboard,/Cooler-Master-CK530-V2-Tenkeyless-RGB-Mechanical-Gaming-Keyboard-i.17919052.19858436502,Yes,1.0,5.0,5.0
267,29,2023-03-14 18:00:08.408688,NVIDIA Graphic Card,COLORFUL GEFORCE GT710 2GB DDR3 Graphic Card,/COLORFUL-GEFORCE-GT710-2GB-DDR3-Graphic-Card-i.20108462.4147258089,Yes,10.0,5.0,41.0
268,29,2023-03-14 18:05:31.012095,TWS Wireless Earbuds,Disney PRO6 Wireless Earphones Bluetooth Headphones Bluetooth 5.2 HD Call with Mic Headset Stereo HIFI in-Ear Earbuds,/Disney-PRO6-Wireless-Earphones-Bluetooth-Headphones-Bluetooth-5.2-HD-Call-with-Mic-Headset-Stereo-HIFI-in-Ear-Earbuds-i.298782254.19748821894,Yes,253.0,5.0,227.0
269,29,2023-03-14 18:05:36.430384,Comfy Home Slipper,Women Thick Platform Slippers Summer Beach Eva Soft Sole Slide Sandals Leisure Men Ladies Indoor Bathroom Anti-slip Shoe,/Women-Thick-Platform-Slippers-Summer-Beach-Eva-Soft-Sole-Slide-Sandals-Leisure-Men-Ladies-Indoor-Bathroom-Anti-slip-Shoe-i.602592160.10283554562,Yes,147.0,5.0,2123.0
270,29,2023-03-14 18:05:41.963954,School Hijab,Tudung Sekolah Bidang 45 Kain Koshibo dari WardahKu,/Tudung-Sekolah-Bidang-45-Kain-Koshibo-dari-WardahKu-i.180502534.2841553491,Yes,178.0,5.0,1094.0
271,29,2023-03-14 18:05:47.407883,Variety Of Sambal,[Travel Pack] Sambal Hitam Pedas Berapi | Sambal Hitam Pahang Asli | Sambal Hitam Pahang Belimbing (20g)üå∂üî•,/-Travel-Pack-Sambal-Hitam-Pedas-Berapi-Sambal-Hitam-Pahang-Asli-Sambal-Hitam-Pahang-Belimbing-(20g)üå∂üî•-i.85504614.10790152448,Yes,140.0,5.0,272.0
272,29,2023-03-14 18:05:52.790433,Men Cargo Pants,Summer Korean Style Many Pocket Cargo Pants Men Trend Loose Straight Casual Trousers seluar slack lelaki,/Summer-Korean-Style-Many-Pocket-Cargo-Pants-Men-Trend-Loose-Straight-Casual-Trousers-seluar-slack-lelaki-i.662102566.18239579825,Yes,556.0,5.0,333.0
273,29,2023-03-14 18:05:58.227475,Sunblock Sunscreen Cream,(100% ORI) 3W Clinic UV Sun Cream Sunblock Sunscreen Collagen Viral TikTok Kuning Lotion Losyen Anjo Original HQ Korea,/(100-ORI)-3W-Clinic-UV-Sun-Cream-Sunblock-Sunscreen-Collagen-Viral-TikTok-Kuning-Lotion-Losyen-Anjo-Original-HQ-Korea-i.11976026.21421958128,Yes,134.0,5.0,536.0
274,29,2023-03-14 19:06:12.811809,TWS Wireless Earbuds,Disney PRO6 Wireless Earphones Bluetooth Headphones Bluetooth 5.2 HD Call with Mic Headset Stereo HIFI in-Ear Earbuds,/Disney-PRO6-Wireless-Earphones-Bluetooth-Headphones-Bluetooth-5.2-HD-Call-with-Mic-Headset-Stereo-HIFI-in-Ear-Earbuds-i.298782254.19748821894,Yes,253.0,5.0,227.0
275,29,2023-03-14 19:06:18.274315,Comfy Home Slipper,Women Thick Platform Slippers Summer Beach Eva Soft Sole Slide Sandals Leisure Men Ladies Indoor Bathroom Anti-slip Shoe,/Women-Thick-Platform-Slippers-Summer-Beach-Eva-Soft-Sole-Slide-Sandals-Leisure-Men-Ladies-Indoor-Bathroom-Anti-slip-Shoe-i.602592160.10283554562,Yes,147.0,5.0,2123.0
276,29,2023-03-14 19:06:23.701601,School Hijab,Tudung Sekolah Bidang 45 Kain Koshibo dari WardahKu,/Tudung-Sekolah-Bidang-45-Kain-Koshibo-dari-WardahKu-i.180502534.2841553491,Yes,178.0,5.0,1094.0
277,29,2023-03-14 19:06:29.098751,Variety Of Sambal,SAMBAL BETTY‚ÄôS KITCHEN SAMBAL GILA | MALAS | SEWEL | SAMBAL TUMIS RETORT,/SAMBAL-BETTY‚ÄôS-KITCHEN-SAMBAL-GILA-MALAS-SEWEL-SAMBAL-TUMIS-RETORT-i.83861000.1452268387,Yes,140.0,5.0,6407.0
278,29,2023-03-14 19:06:34.669410,Men Cargo Pants,Summer Korean Style Many Pocket Cargo Pants Men Trend Loose Straight Casual Trousers seluar slack lelaki,/Summer-Korean-Style-Many-Pocket-Cargo-Pants-Men-Trend-Loose-Straight-Casual-Trousers-seluar-slack-lelaki-i.662102566.18239579825,Yes,556.0,5.0,333.0
279,29,2023-03-14 19:06:40.094712,Spender Panties,BUTTON CO PLUS SIZE M - XXL HIGH WAIST WOMEN PANTIES SPENDER UNDERWEAR SELUAR DALAM WANITA PEREMPUAN Â•≥ÁîüÂÜÖË£§  HW PLAIN 306,/BUTTON-CO-PLUS-SIZE-M-XXL-HIGH-WAIST-WOMEN-PANTIES-SPENDER-UNDERWEAR-SELUAR-DALAM-WANITA-PEREMPUAN-Â•≥ÁîüÂÜÖË£§-HW-PLAIN-306-i.389225218.10587142699,Yes,445.0,5.0,1014.0
280,29,2023-03-14 20:06:55.893757,TWS Wireless Earbuds,Disney PRO6 Wireless Earphones Bluetooth Headphones Bluetooth 5.2 HD Call with Mic Headset Stereo HIFI in-Ear Earbuds,/Disney-PRO6-Wireless-Earphones-Bluetooth-Headphones-Bluetooth-5.2-HD-Call-with-Mic-Headset-Stereo-HIFI-in-Ear-Earbuds-i.298782254.19748821894,Yes,253.0,5.0,227.0
281,29,2023-03-14 20:07:01.344127,Comfy Home Slipper,Women Thick Platform Slippers Summer Beach Eva Soft Sole Slide Sandals Leisure Men Ladies Indoor Bathroom Anti-slip Shoe,/Women-Thick-Platform-Slippers-Summer-Beach-Eva-Soft-Sole-Slide-Sandals-Leisure-Men-Ladies-Indoor-Bathroom-Anti-slip-Shoe-i.602592160.10283554562,Yes,147.0,5.0,2123.0
282,29,2023-03-14 20:07:06.880891,School Hijab,Tudung Sekolah Bidang 45 Kain Koshibo dari WardahKu,/Tudung-Sekolah-Bidang-45-Kain-Koshibo-dari-WardahKu-i.180502534.2841553491,Yes,178.0,5.0,1094.0
283,29,2023-03-14 20:07:12.366611,Variety Of Sambal,SAMBAL BETTY‚ÄôS KITCHEN SAMBAL GILA | MALAS | SEWEL | SAMBAL TUMIS RETORT,/SAMBAL-BETTY‚ÄôS-KITCHEN-SAMBAL-GILA-MALAS-SEWEL-SAMBAL-TUMIS-RETORT-i.83861000.1452268387,Yes,140.0,5.0,6407.0
284,29,2023-03-14 20:07:17.759549,Men Cargo Pants,Summer Korean Style Many Pocket Cargo Pants Men Trend Loose Straight Casual Trousers seluar slack lelaki,/Summer-Korean-Style-Many-Pocket-Cargo-Pants-Men-Trend-Loose-Straight-Casual-Trousers-seluar-slack-lelaki-i.662102566.18239579825,Yes,556.0,5.0,333.0
285,29,2023-03-14 20:07:23.145224,Spender Panties,BUTTON CO PLUS SIZE M - XXL HIGH WAIST WOMEN PANTIES SPENDER UNDERWEAR SELUAR DALAM WANITA PEREMPUAN Â•≥ÁîüÂÜÖË£§  HW PLAIN 306,/BUTTON-CO-PLUS-SIZE-M-XXL-HIGH-WAIST-WOMEN-PANTIES-SPENDER-UNDERWEAR-SELUAR-DALAM-WANITA-PEREMPUAN-Â•≥ÁîüÂÜÖË£§-HW-PLAIN-306-i.389225218.10587142699,Yes,445.0,5.0,1015.0
286,29,2023-03-14 21:07:39.963891,TWS Wireless Earbuds,Disney PRO6 Wireless Earphones Bluetooth Headphones Bluetooth 5.2 HD Call with Mic Headset Stereo HIFI in-Ear Earbuds,/Disney-PRO6-Wireless-Earphones-Bluetooth-Headphones-Bluetooth-5.2-HD-Call-with-Mic-Headset-Stereo-HIFI-in-Ear-Earbuds-i.298782254.19748821894,Yes,253.0,5.0,228.0
287,29,2023-03-14 21:07:45.586909,Comfy Home Slipper,Women Thick Platform Slippers Summer Beach Eva Soft Sole Slide Sandals Leisure Men Ladies Indoor Bathroom Anti-slip Shoe,/Women-Thick-Platform-Slippers-Summer-Beach-Eva-Soft-Sole-Slide-Sandals-Leisure-Men-Ladies-Indoor-Bathroom-Anti-slip-Shoe-i.602592160.10283554562,Yes,147.0,5.0,2123.0
288,29,2023-03-14 21:07:51.003003,School Hijab,Tudung Sekolah Bidang 45 Kain Koshibo dari WardahKu,/Tudung-Sekolah-Bidang-45-Kain-Koshibo-dari-WardahKu-i.180502534.2841553491,Yes,178.0,5.0,1094.0
289,29,2023-03-14 21:07:56.386341,Variety Of Sambal,SAMBAL BETTY‚ÄôS KITCHEN SAMBAL GILA | MALAS | SEWEL | SAMBAL TUMIS RETORT,/SAMBAL-BETTY‚ÄôS-KITCHEN-SAMBAL-GILA-MALAS-SEWEL-SAMBAL-TUMIS-RETORT-i.83861000.1452268387,Yes,140.0,5.0,6407.0
290,29,2023-03-14 21:08:01.753808,Men Cargo Pants,Summer Korean Style Many Pocket Cargo Pants Men Trend Loose Straight Casual Trousers seluar slack lelaki,/Summer-Korean-Style-Many-Pocket-Cargo-Pants-Men-Trend-Loose-Straight-Casual-Trousers-seluar-slack-lelaki-i.662102566.18239579825,Yes,556.0,5.0,333.0
291,29,2023-03-14 21:08:07.130012,Spender Panties,BUTTON CO PLUS SIZE M - XXL HIGH WAIST WOMEN PANTIES SPENDER UNDERWEAR SELUAR DALAM WANITA PEREMPUAN Â•≥ÁîüÂÜÖË£§  HW PLAIN 306,/BUTTON-CO-PLUS-SIZE-M-XXL-HIGH-WAIST-WOMEN-PANTIES-SPENDER-UNDERWEAR-SELUAR-DALAM-WANITA-PEREMPUAN-Â•≥ÁîüÂÜÖË£§-HW-PLAIN-306-i.389225218.10587142699,Yes,445.0,5.0,1015.0
292,29,2023-03-14 22:08:21.459297,TWS Wireless Earbuds,Disney PRO6 Wireless Earphones Bluetooth Headphones Bluetooth 5.2 HD Call with Mic Headset Stereo HIFI in-Ear Earbuds,/Disney-PRO6-Wireless-Earphones-Bluetooth-Headphones-Bluetooth-5.2-HD-Call-with-Mic-Headset-Stereo-HIFI-in-Ear-Earbuds-i.298782254.19748821894,Yes,253.0,5.0,228.0
293,29,2023-03-14 22:08:26.856899,Comfy Home Slipper,Women Thick Platform Slippers Summer Beach Eva Soft Sole Slide Sandals Leisure Men Ladies Indoor Bathroom Anti-slip Shoe,/Women-Thick-Platform-Slippers-Summer-Beach-Eva-Soft-Sole-Slide-Sandals-Leisure-Men-Ladies-Indoor-Bathroom-Anti-slip-Shoe-i.602592160.10283554562,Yes,147.0,5.0,2123.0
294,29,2023-03-14 22:08:32.252810,School Hijab,Tudung Sekolah Bidang 45 Kain Koshibo dari WardahKu,/Tudung-Sekolah-Bidang-45-Kain-Koshibo-dari-WardahKu-i.180502534.2841553491,Yes,178.0,5.0,1094.0
295,29,2023-03-14 22:08:37.641242,Variety Of Sambal,[Travel Pack] Sambal Hitam Pedas Berapi | Sambal Hitam Pahang Asli | Sambal Hitam Pahang Belimbing (20g)üå∂üî•,/-Travel-Pack-Sambal-Hitam-Pedas-Berapi-Sambal-Hitam-Pahang-Asli-Sambal-Hitam-Pahang-Belimbing-(20g)üå∂üî•-i.85504614.10790152448,Yes,140.0,5.0,272.0
296,29,2023-03-14 22:08:43.103240,Men Cargo Pants,Summer Korean Style Many Pocket Cargo Pants Men Trend Loose Straight Casual Trousers seluar slack lelaki,/Summer-Korean-Style-Many-Pocket-Cargo-Pants-Men-Trend-Loose-Straight-Casual-Trousers-seluar-slack-lelaki-i.662102566.18239579825,Yes,556.0,5.0,334.0
297,29,2023-03-14 22:08:48.471855,Spender Panties,BUTTON CO PLUS SIZE M - XXL HIGH WAIST WOMEN PANTIES SPENDER UNDERWEAR SELUAR DALAM WANITA PEREMPUAN Â•≥ÁîüÂÜÖË£§  HW PLAIN 306,/BUTTON-CO-PLUS-SIZE-M-XXL-HIGH-WAIST-WOMEN-PANTIES-SPENDER-UNDERWEAR-SELUAR-DALAM-WANITA-PEREMPUAN-Â•≥ÁîüÂÜÖË£§-HW-PLAIN-306-i.389225218.10587142699,Yes,445.0,5.0,1015.0
